rate_date,php_per_usd,pesos_per_200,source
2014-12-31,44.837,8967.400000000001,ECB via Frankfurter
2015-01-02,44.807,8961.4,ECB via Frankfurter
2015-01-05,45.047,9009.4,ECB via Frankfurter
2015-01-06,45.009,9001.8,ECB via Frankfurter
2015-01-07,45.104,9020.8,ECB via Frankfurter
2015-01-08,44.959,8991.800000000001,ECB via Frankfurter
2015-01-09,44.942,8988.4,ECB via Frankfurter
2015-01-12,44.927,8985.4,ECB via Frankfurter
2015-01-13,44.742,8948.4,ECB via Frankfurter
2015-01-14,44.626,8925.199999999999,ECB via Frankfurter
2015-01-15,44.599,8919.8,ECB via Frankfurter
2015-01-16,44.601,8920.2,ECB via Frankfurter
2015-01-19,44.57,8914.0,ECB via Frankfurter
2015-01-20,44.591,8918.2,ECB via Frankfurter
2015-01-21,44.375,8875.0,ECB via Frankfurter
2015-01-22,44.218,8843.6,ECB via Frankfurter
2015-01-23,44.078,8815.6,ECB via Frankfurter
2015-01-26,44.089,8817.8,ECB via Frankfurter
2015-01-27,44.082,8816.4,ECB via Frankfurter
2015-01-28,44.117,8823.4,ECB via Frankfurter
2015-01-29,44.067,8813.4,ECB via Frankfurter
2015-01-30,44.17,8834.0,ECB via Frankfurter
2015-02-02,44.128,8825.6,ECB via Frankfurter
2015-02-03,44.072,8814.400000000001,ECB via Frankfurter
2015-02-04,44.084,8816.800000000001,ECB via Frankfurter
2015-02-05,44.122,8824.4,ECB via Frankfurter
2015-02-06,44.18,8836.0,ECB via Frankfurter
2015-02-09,44.435,8887.0,ECB via Frankfurter
2015-02-10,44.399,8879.8,ECB via Frankfurter
2015-02-11,44.451,8890.2,ECB via Frankfurter
2015-02-12,44.322,8864.400000000001,ECB via Frankfurter
2015-02-13,44.305,8861.0,ECB via Frankfurter
2015-02-16,44.173,8834.6,ECB via Frankfurter
2015-02-17,44.131,8826.2,ECB via Frankfurter
2015-02-18,44.295,8859.0,ECB via Frankfurter
2015-02-19,44.165,8833.0,ECB via Frankfurter
2015-02-20,44.27,8854.0,ECB via Frankfurter
2015-02-23,44.311,8862.2,ECB via Frankfurter
2015-02-24,44.259,8851.8,ECB via Frankfurter
2015-02-25,44.058,8811.6,ECB via Frankfurter
2015-02-26,43.975,8795.0,ECB via Frankfurter
2015-02-27,44.027,8805.4,ECB via Frankfurter
2015-03-02,44.115,8823.0,ECB via Frankfurter
2015-03-03,44.072,8814.400000000001,ECB via Frankfurter
2015-03-04,44.123,8824.6,ECB via Frankfurter
2015-03-05,44.13,8826.0,ECB via Frankfurter
2015-03-06,44.041,8808.199999999999,ECB via Frankfurter
2015-03-09,44.215,8843.0,ECB via Frankfurter
2015-03-10,44.286,8857.2,ECB via Frankfurter
2015-03-11,44.292,8858.4,ECB via Frankfurter
2015-03-12,44.263,8852.6,ECB via Frankfurter
2015-03-13,44.371,8874.2,ECB via Frankfurter
2015-03-16,44.425,8885.0,ECB via Frankfurter
2015-03-17,44.636,8927.2,ECB via Frankfurter
2015-03-18,44.841,8968.2,ECB via Frankfurter
2015-03-19,44.937,8987.4,ECB via Frankfurter
2015-03-20,44.951,8990.2,ECB via Frankfurter
2015-03-23,44.763,8952.6,ECB via Frankfurter
2015-03-24,44.759,8951.8,ECB via Frankfurter
2015-03-25,44.755,8951.0,ECB via Frankfurter
2015-03-26,44.811,8962.2,ECB via Frankfurter
2015-03-27,44.82,8964.0,ECB via Frankfurter
2015-03-30,44.746,8949.2,ECB via Frankfurter
2015-03-31,44.667,8933.4,ECB via Frankfurter
2015-04-01,44.553,8910.599999999999,ECB via Frankfurter
2015-04-02,44.406,8881.199999999999,ECB via Frankfurter
2015-04-07,44.528,8905.6,ECB via Frankfurter
2015-04-08,44.426,8885.2,ECB via Frankfurter
2015-04-09,44.463,8892.6,ECB via Frankfurter
2015-04-10,44.605,8921.0,ECB via Frankfurter
2015-04-13,44.731,8946.2,ECB via Frankfurter
2015-04-14,44.601,8920.2,ECB via Frankfurter
2015-04-15,44.509,8901.8,ECB via Frankfurter
2015-04-16,44.405,8881.0,ECB via Frankfurter
2015-04-17,44.22,8844.0,ECB via Frankfurter
2015-04-20,44.252,8850.4,ECB via Frankfurter
2015-04-21,44.233,8846.599999999999,ECB via Frankfurter
2015-04-22,44.175,8835.0,ECB via Frankfurter
2015-04-23,44.196,8839.199999999999,ECB via Frankfurter
2015-04-24,44.281,8856.199999999999,ECB via Frankfurter
2015-04-27,44.292,8858.4,ECB via Frankfurter
2015-04-28,44.221,8844.199999999999,ECB via Frankfurter
2015-04-29,44.304,8860.800000000001,ECB via Frankfurter
2015-04-30,44.662,8932.4,ECB via Frankfurter
2015-05-04,44.658,8931.6,ECB via Frankfurter
2015-05-05,44.637,8927.4,ECB via Frankfurter
2015-05-06,44.578,8915.6,ECB via Frankfurter
2015-05-07,44.716,8943.2,ECB via Frankfurter
2015-05-08,44.685,8937.0,ECB via Frankfurter
2015-05-11,44.723,8944.6,ECB via Frankfurter
2015-05-12,44.814,8962.8,ECB via Frankfurter
2015-05-13,44.666,8933.199999999999,ECB via Frankfurter
2015-05-14,44.521,8904.2,ECB via Frankfurter
2015-05-15,44.461,8892.199999999999,ECB via Frankfurter
2015-05-18,44.425,8885.0,ECB via Frankfurter
2015-05-19,44.599,8919.8,ECB via Frankfurter
2015-05-20,44.593,8918.6,ECB via Frankfurter
2015-05-21,44.402,8880.4,ECB via Frankfurter
2015-05-22,44.611,8922.199999999999,ECB via Frankfurter
2015-05-25,44.596,8919.199999999999,ECB via Frankfurter
2015-05-26,44.655,8931.0,ECB via Frankfurter
2015-05-27,44.726,8945.2,ECB via Frankfurter
2015-05-28,44.567,8913.4,ECB via Frankfurter
2015-05-29,44.621,8924.2,ECB via Frankfurter
2015-06-01,44.497,8899.4,ECB via Frankfurter
2015-06-02,44.691,8938.2,ECB via Frankfurter
2015-06-03,44.793,8958.6,ECB via Frankfurter
2015-06-04,44.879,8975.8,ECB via Frankfurter
2015-06-05,45.018,9003.6,ECB via Frankfurter
2015-06-08,45.211,9042.199999999999,ECB via Frankfurter
2015-06-09,45.121,9024.2,ECB via Frankfurter
2015-06-10,45.0,9000.0,ECB via Frankfurter
2015-06-11,45.298,9059.6,ECB via Frankfurter
2015-06-12,45.255,9051.0,ECB via Frankfurter
2015-06-15,45.226,9045.2,ECB via Frankfurter
2015-06-16,45.214,9042.8,ECB via Frankfurter
2015-06-17,45.183,9036.6,ECB via Frankfurter
2015-06-18,44.88,8976.0,ECB via Frankfurter
2015-06-19,45.037,9007.4,ECB via Frankfurter
2015-06-22,44.978,8995.6,ECB via Frankfurter
2015-06-23,45.105,9021.0,ECB via Frankfurter
2015-06-24,45.049,9009.8,ECB via Frankfurter
2015-06-25,45.109,9021.800000000001,ECB via Frankfurter
2015-06-26,45.09,9018.0,ECB via Frankfurter
2015-06-29,45.182,9036.4,ECB via Frankfurter
2015-06-30,45.11,9022.0,ECB via Frankfurter
2015-07-01,45.245,9049.0,ECB via Frankfurter
2015-07-02,45.172,9034.4,ECB via Frankfurter
2015-07-03,45.05,9010.0,ECB via Frankfurter
2015-07-06,45.104,9020.8,ECB via Frankfurter
2015-07-07,45.274,9054.8,ECB via Frankfurter
2015-07-08,45.19,9038.0,ECB via Frankfurter
2015-07-09,45.164,9032.800000000001,ECB via Frankfurter
2015-07-10,45.103,9020.6,ECB via Frankfurter
2015-07-13,45.139,9027.800000000001,ECB via Frankfurter
2015-07-14,45.223,9044.6,ECB via Frankfurter
2015-07-15,45.252,9050.4,ECB via Frankfurter
2015-07-16,45.242,9048.4,ECB via Frankfurter
2015-07-17,45.194,9038.800000000001,ECB via Frankfurter
2015-07-20,45.319,9063.800000000001,ECB via Frankfurter
2015-07-21,45.2,9040.0,ECB via Frankfurter
2015-07-22,45.184,9036.8,ECB via Frankfurter
2015-07-23,45.343,9068.6,ECB via Frankfurter
2015-07-24,45.561,9112.2,ECB via Frankfurter
2015-07-27,45.538,9107.599999999999,ECB via Frankfurter
2015-07-28,45.499,9099.800000000001,ECB via Frankfurter
2015-07-29,45.509,9101.8,ECB via Frankfurter
2015-07-30,45.733,9146.599999999999,ECB via Frankfurter
2015-07-31,45.724,9144.8,ECB via Frankfurter
2015-08-03,45.729,9145.8,ECB via Frankfurter
2015-08-04,45.634,9126.8,ECB via Frankfurter
2015-08-05,45.721,9144.199999999999,ECB via Frankfurter
2015-08-06,45.779,9155.800000000001,ECB via Frankfurter
2015-08-07,45.736,9147.199999999999,ECB via Frankfurter
2015-08-10,45.815,9163.0,ECB via Frankfurter
2015-08-11,46.065,9213.0,ECB via Frankfurter
2015-08-12,46.163,9232.599999999999,ECB via Frankfurter
2015-08-13,46.19,9238.0,ECB via Frankfurter
2015-08-14,46.153,9230.6,ECB via Frankfurter
2015-08-17,46.309,9261.8,ECB via Frankfurter
2015-08-18,46.258,9251.6,ECB via Frankfurter
2015-08-19,46.316,9263.2,ECB via Frankfurter
2015-08-20,46.627,9325.4,ECB via Frankfurter
2015-08-21,46.674,9334.8,ECB via Frankfurter
2015-08-24,46.853,9370.6,ECB via Frankfurter
2015-08-25,46.605,9321.0,ECB via Frankfurter
2015-08-26,46.665,9333.0,ECB via Frankfurter
2015-08-27,46.675,9335.0,ECB via Frankfurter
2015-08-28,46.708,9341.6,ECB via Frankfurter
2015-08-31,46.801,9360.2,ECB via Frankfurter
2015-09-01,46.738,9347.6,ECB via Frankfurter
2015-09-02,46.777,9355.4,ECB via Frankfurter
2015-09-03,46.824,9364.8,ECB via Frankfurter
2015-09-04,46.755,9351.0,ECB via Frankfurter
2015-09-07,46.982,9396.4,ECB via Frankfurter
2015-09-08,46.887,9377.4,ECB via Frankfurter
2015-09-09,46.914,9382.800000000001,ECB via Frankfurter
2015-09-10,46.838,9367.6,ECB via Frankfurter
2015-09-11,46.818,9363.6,ECB via Frankfurter
2015-09-14,46.784,9356.8,ECB via Frankfurter
2015-09-15,46.72,9344.0,ECB via Frankfurter
2015-09-16,46.63,9326.0,ECB via Frankfurter
2015-09-17,46.453,9290.6,ECB via Frankfurter
2015-09-18,46.307,9261.4,ECB via Frankfurter
2015-09-21,46.466,9293.2,ECB via Frankfurter
2015-09-22,46.653,9330.6,ECB via Frankfurter
2015-09-23,46.793,9358.6,ECB via Frankfurter
2015-09-24,47.006,9401.2,ECB via Frankfurter
2015-09-25,46.746,9349.2,ECB via Frankfurter
2015-09-28,46.796,9359.2,ECB via Frankfurter
2015-09-29,46.84,9368.0,ECB via Frankfurter
2015-09-30,46.726,9345.2,ECB via Frankfurter
2015-10-01,46.756,9351.2,ECB via Frankfurter
2015-10-02,46.732,9346.4,ECB via Frankfurter
2015-10-05,46.452,9290.4,ECB via Frankfurter
2015-10-06,46.41,9282.0,ECB via Frankfurter
2015-10-07,46.005,9201.0,ECB via Frankfurter
2015-10-08,46.137,9227.4,ECB via Frankfurter
2015-10-09,45.718,9143.6,ECB via Frankfurter
2015-10-12,45.728,9145.6,ECB via Frankfurter
2015-10-13,46.056,9211.199999999999,ECB via Frankfurter
2015-10-14,45.966,9193.2,ECB via Frankfurter
2015-10-15,45.757,9151.4,ECB via Frankfurter
2015-10-16,45.995,9199.0,ECB via Frankfurter
2015-10-19,46.098,9219.6,ECB via Frankfurter
2015-10-20,46.374,9274.800000000001,ECB via Frankfurter
2015-10-21,46.442,9288.4,ECB via Frankfurter
2015-10-22,46.533,9306.6,ECB via Frankfurter
2015-10-23,46.522,9304.4,ECB via Frankfurter
2015-10-26,46.597,9319.4,ECB via Frankfurter
2015-10-27,46.821,9364.199999999999,ECB via Frankfurter
2015-10-28,46.818,9363.6,ECB via Frankfurter
2015-10-29,47.045,9409.0,ECB via Frankfurter
2015-10-30,46.739,9347.8,ECB via Frankfurter
2015-11-02,46.875,9375.0,ECB via Frankfurter
2015-11-03,46.916,9383.199999999999,ECB via Frankfurter
2015-11-04,46.795,9359.0,ECB via Frankfurter
2015-11-05,46.905,9381.0,ECB via Frankfurter
2015-11-06,46.927,9385.4,ECB via Frankfurter
2015-11-09,47.159,9431.8,ECB via Frankfurter
2015-11-10,47.241,9448.2,ECB via Frankfurter
2015-11-11,47.102,9420.4,ECB via Frankfurter
2015-11-12,47.059,9411.8,ECB via Frankfurter
2015-11-13,47.122,9424.4,ECB via Frankfurter
2015-11-16,47.229,9445.8,ECB via Frankfurter
2015-11-17,47.178,9435.599999999999,ECB via Frankfurter
2015-11-18,47.198,9439.6,ECB via Frankfurter
2015-11-19,47.028,9405.6,ECB via Frankfurter
2015-11-20,46.998,9399.6,ECB via Frankfurter
2015-11-23,47.154,9430.800000000001,ECB via Frankfurter
2015-11-24,47.08,9416.0,ECB via Frankfurter
2015-11-25,47.075,9415.0,ECB via Frankfurter
2015-11-26,47.129,9425.8,ECB via Frankfurter
2015-11-27,47.184,9436.8,ECB via Frankfurter
2015-11-30,47.189,9437.8,ECB via Frankfurter
2015-12-01,47.178,9435.599999999999,ECB via Frankfurter
2015-12-02,47.149,9429.8,ECB via Frankfurter
2015-12-03,47.108,9421.599999999999,ECB via Frankfurter
2015-12-04,47.08,9416.0,ECB via Frankfurter
2015-12-07,47.072,9414.400000000001,ECB via Frankfurter
2015-12-08,47.208,9441.6,ECB via Frankfurter
2015-12-09,47.2,9440.0,ECB via Frankfurter
2015-12-10,47.234,9446.800000000001,ECB via Frankfurter
2015-12-11,47.452,9490.4,ECB via Frankfurter
2015-12-14,47.462,9492.400000000001,ECB via Frankfurter
2015-12-15,47.368,9473.6,ECB via Frankfurter
2015-12-16,47.337,9467.400000000001,ECB via Frankfurter
2015-12-17,47.444,9488.800000000001,ECB via Frankfurter
2015-12-18,47.299,9459.8,ECB via Frankfurter
2015-12-21,47.275,9455.0,ECB via Frankfurter
2015-12-22,47.287,9457.4,ECB via Frankfurter
2015-12-23,47.267,9453.400000000001,ECB via Frankfurter
2015-12-24,47.049,9409.8,ECB via Frankfurter
2015-12-28,47.041,9408.199999999999,ECB via Frankfurter
2015-12-29,47.036,9407.2,ECB via Frankfurter
2015-12-30,46.935,9387.0,ECB via Frankfurter
2015-12-31,46.844,9368.800000000001,ECB via Frankfurter
2016-01-04,47.158,9431.6,ECB via Frankfurter
2016-01-05,46.874,9374.800000000001,ECB via Frankfurter
2016-01-06,47.094,9418.800000000001,ECB via Frankfurter
2016-01-07,47.135,9427.0,ECB via Frankfurter
2016-01-08,47.145,9429.0,ECB via Frankfurter
2016-01-11,47.14,9428.0,ECB via Frankfurter
2016-01-12,47.339,9467.8,ECB via Frankfurter
2016-01-13,47.414,9482.800000000001,ECB via Frankfurter
2016-01-14,47.807,9561.4,ECB via Frankfurter
2016-01-15,47.903,9580.6,ECB via Frankfurter
2016-01-18,47.775,9555.0,ECB via Frankfurter
2016-01-19,47.608,9521.599999999999,ECB via Frankfurter
2016-01-20,47.877,9575.4,ECB via Frankfurter
2016-01-21,47.889,9577.800000000001,ECB via Frankfurter
2016-01-22,47.724,9544.8,ECB via Frankfurter
2016-01-25,47.98,9596.0,ECB via Frankfurter
2016-01-26,48.031,9606.199999999999,ECB via Frankfurter
2016-01-27,47.908,9581.6,ECB via Frankfurter
2016-01-28,47.8,9560.0,ECB via Frankfurter
2016-01-29,47.694,9538.800000000001,ECB via Frankfurter
2016-02-01,47.714,9542.8,ECB via Frankfurter
2016-02-02,47.858,9571.599999999999,ECB via Frankfurter
2016-02-03,47.901,9580.2,ECB via Frankfurter
2016-02-04,47.623,9524.6,ECB via Frankfurter
2016-02-05,47.555,9511.0,ECB via Frankfurter
2016-02-08,47.819,9563.800000000001,ECB via Frankfurter
2016-02-09,47.74,9548.0,ECB via Frankfurter
2016-02-10,47.426,9485.2,ECB via Frankfurter
2016-02-11,47.548,9509.6,ECB via Frankfurter
2016-02-12,47.504,9500.8,ECB via Frankfurter
2016-02-15,47.406,9481.199999999999,ECB via Frankfurter
2016-02-16,47.51,9502.0,ECB via Frankfurter
2016-02-17,47.628,9525.6,ECB via Frankfurter
2016-02-18,47.542,9508.4,ECB via Frankfurter
2016-02-19,47.623,9524.6,ECB via Frankfurter
2016-02-22,47.63,9526.0,ECB via Frankfurter
2016-02-23,47.625,9525.0,ECB via Frankfurter
2016-02-24,47.67,9534.0,ECB via Frankfurter
2016-02-25,47.639,9527.800000000001,ECB via Frankfurter
2016-02-26,47.498,9499.6,ECB via Frankfurter
2016-02-29,47.405,9481.0,ECB via Frankfurter
2016-03-01,47.223,9444.6,ECB via Frankfurter
2016-03-02,47.28,9456.0,ECB via Frankfurter
2016-03-03,46.978,9395.6,ECB via Frankfurter
2016-03-04,46.787,9357.4,ECB via Frankfurter
2016-03-07,46.912,9382.4,ECB via Frankfurter
2016-03-08,46.947,9389.400000000001,ECB via Frankfurter
2016-03-09,46.858,9371.599999999999,ECB via Frankfurter
2016-03-10,46.588,9317.6,ECB via Frankfurter
2016-03-11,46.497,9299.4,ECB via Frankfurter
2016-03-14,46.573,9314.6,ECB via Frankfurter
2016-03-15,46.732,9346.4,ECB via Frankfurter
2016-03-16,46.775,9355.0,ECB via Frankfurter
2016-03-17,46.313,9262.6,ECB via Frankfurter
2016-03-18,46.415,9283.0,ECB via Frankfurter
2016-03-21,46.399,9279.8,ECB via Frankfurter
2016-03-22,46.309,9261.8,ECB via Frankfurter
2016-03-23,46.413,9282.599999999999,ECB via Frankfurter
2016-03-24,46.41,9282.0,ECB via Frankfurter
2016-03-29,46.336,9267.199999999999,ECB via Frankfurter
2016-03-30,45.97,9194.0,ECB via Frankfurter
2016-03-31,45.924,9184.8,ECB via Frankfurter
2016-04-01,46.024,9204.8,ECB via Frankfurter
2016-04-04,46.188,9237.6,ECB via Frankfurter
2016-04-05,46.268,9253.6,ECB via Frankfurter
2016-04-06,46.274,9254.8,ECB via Frankfurter
2016-04-07,46.268,9253.6,ECB via Frankfurter
2016-04-08,46.175,9235.0,ECB via Frankfurter
2016-04-11,46.139,9227.800000000001,ECB via Frankfurter
2016-04-12,46.084,9216.800000000001,ECB via Frankfurter
2016-04-13,46.083,9216.6,ECB via Frankfurter
2016-04-14,46.198,9239.6,ECB via Frankfurter
2016-04-15,46.128,9225.6,ECB via Frankfurter
2016-04-18,46.217,9243.4,ECB via Frankfurter
2016-04-19,46.099,9219.8,ECB via Frankfurter
2016-04-20,46.248,9249.6,ECB via Frankfurter
2016-04-21,46.519,9303.8,ECB via Frankfurter
2016-04-22,46.753,9350.6,ECB via Frankfurter
2016-04-25,46.882,9376.4,ECB via Frankfurter
2016-04-26,46.836,9367.199999999999,ECB via Frankfurter
2016-04-27,46.866,9373.2,ECB via Frankfurter
2016-04-28,46.935,9387.0,ECB via Frankfurter
2016-04-29,46.921,9384.2,ECB via Frankfurter
2016-05-02,47.044,9408.8,ECB via Frankfurter
2016-05-03,47.044,9408.8,ECB via Frankfurter
2016-05-04,47.242,9448.4,ECB via Frankfurter
2016-05-05,47.356,9471.2,ECB via Frankfurter
2016-05-06,47.155,9431.0,ECB via Frankfurter
2016-05-09,47.242,9448.4,ECB via Frankfurter
2016-05-10,46.704,9340.8,ECB via Frankfurter
2016-05-11,46.503,9300.6,ECB via Frankfurter
2016-05-12,46.549,9309.8,ECB via Frankfurter
2016-05-13,46.645,9329.0,ECB via Frankfurter
2016-05-16,46.496,9299.2,ECB via Frankfurter
2016-05-17,46.458,9291.6,ECB via Frankfurter
2016-05-18,46.657,9331.4,ECB via Frankfurter
2016-05-19,46.84,9368.0,ECB via Frankfurter
2016-05-20,46.775,9355.0,ECB via Frankfurter
2016-05-23,46.795,9359.0,ECB via Frankfurter
2016-05-24,46.801,9360.2,ECB via Frankfurter
2016-05-25,46.751,9350.199999999999,ECB via Frankfurter
2016-05-26,46.679,9335.800000000001,ECB via Frankfurter
2016-05-27,46.648,9329.6,ECB via Frankfurter
2016-05-30,46.73,9346.0,ECB via Frankfurter
2016-05-31,46.754,9350.8,ECB via Frankfurter
2016-06-01,46.635,9327.0,ECB via Frankfurter
2016-06-02,46.574,9314.8,ECB via Frankfurter
2016-06-03,46.46,9292.0,ECB via Frankfurter
2016-06-06,46.17,9234.0,ECB via Frankfurter
2016-06-07,46.025,9205.0,ECB via Frankfurter
2016-06-08,45.898,9179.6,ECB via Frankfurter
2016-06-09,46.009,9201.8,ECB via Frankfurter
2016-06-10,45.982,9196.4,ECB via Frankfurter
2016-06-13,46.15,9230.0,ECB via Frankfurter
2016-06-14,46.313,9262.6,ECB via Frankfurter
2016-06-15,46.333,9266.6,ECB via Frankfurter
2016-06-16,46.446,9289.199999999999,ECB via Frankfurter
2016-06-17,46.435,9287.0,ECB via Frankfurter
2016-06-20,46.271,9254.2,ECB via Frankfurter
2016-06-21,46.296,9259.2,ECB via Frankfurter
2016-06-22,46.472,9294.4,ECB via Frankfurter
2016-06-23,46.43,9286.0,ECB via Frankfurter
2016-06-24,46.943,9388.6,ECB via Frankfurter
2016-06-27,47.267,9453.400000000001,ECB via Frankfurter
2016-06-28,47.097,9419.4,ECB via Frankfurter
2016-06-29,46.985,9397.0,ECB via Frankfurter
2016-06-30,47.055,9411.0,ECB via Frankfurter
2016-07-01,47.0,9400.0,ECB via Frankfurter
2016-07-04,46.845,9369.0,ECB via Frankfurter
2016-07-05,47.0,9400.0,ECB via Frankfurter
2016-07-06,47.116,9423.2,ECB via Frankfurter
2016-07-07,47.073,9414.6,ECB via Frankfurter
2016-07-08,47.201,9440.2,ECB via Frankfurter
2016-07-11,47.343,9468.6,ECB via Frankfurter
2016-07-12,47.362,9472.4,ECB via Frankfurter
2016-07-13,47.13,9426.0,ECB via Frankfurter
2016-07-14,46.998,9399.6,ECB via Frankfurter
2016-07-15,46.684,9336.8,ECB via Frankfurter
2016-07-18,46.729,9345.8,ECB via Frankfurter
2016-07-19,46.883,9376.6,ECB via Frankfurter
2016-07-20,47.142,9428.400000000001,ECB via Frankfurter
2016-07-21,47.186,9437.2,ECB via Frankfurter
2016-07-22,47.064,9412.8,ECB via Frankfurter
2016-07-25,47.123,9424.6,ECB via Frankfurter
2016-07-26,47.154,9430.800000000001,ECB via Frankfurter
2016-07-27,47.195,9439.0,ECB via Frankfurter
2016-07-28,47.107,9421.4,ECB via Frankfurter
2016-07-29,47.18,9436.0,ECB via Frankfurter
2016-08-01,47.003,9400.6,ECB via Frankfurter
2016-08-02,47.017,9403.400000000001,ECB via Frankfurter
2016-08-03,47.087,9417.400000000001,ECB via Frankfurter
2016-08-04,47.07,9414.0,ECB via Frankfurter
2016-08-05,46.881,9376.2,ECB via Frankfurter
2016-08-08,46.905,9381.0,ECB via Frankfurter
2016-08-09,46.889,9377.800000000001,ECB via Frankfurter
2016-08-10,46.611,9322.199999999999,ECB via Frankfurter
2016-08-11,46.7,9340.0,ECB via Frankfurter
2016-08-12,46.57,9314.0,ECB via Frankfurter
2016-08-15,46.382,9276.4,ECB via Frankfurter
2016-08-16,46.164,9232.800000000001,ECB via Frankfurter
2016-08-17,46.426,9285.2,ECB via Frankfurter
2016-08-18,46.265,9253.0,ECB via Frankfurter
2016-08-19,46.379,9275.8,ECB via Frankfurter
2016-08-22,46.56,9312.0,ECB via Frankfurter
2016-08-23,46.419,9283.8,ECB via Frankfurter
2016-08-24,46.5,9300.0,ECB via Frankfurter
2016-08-25,46.366,9273.2,ECB via Frankfurter
2016-08-26,46.315,9263.0,ECB via Frankfurter
2016-08-29,46.4,9280.0,ECB via Frankfurter
2016-08-30,46.38,9276.0,ECB via Frankfurter
2016-08-31,46.69,9338.0,ECB via Frankfurter
2016-09-01,46.743,9348.6,ECB via Frankfurter
2016-09-02,46.675,9335.0,ECB via Frankfurter
2016-09-05,46.528,9305.6,ECB via Frankfurter
2016-09-06,46.588,9317.6,ECB via Frankfurter
2016-09-07,46.7,9340.0,ECB via Frankfurter
2016-09-08,46.871,9374.2,ECB via Frankfurter
2016-09-09,47.335,9467.0,ECB via Frankfurter
2016-09-12,47.553,9510.599999999999,ECB via Frankfurter
2016-09-13,47.715,9543.0,ECB via Frankfurter
2016-09-14,47.599,9519.8,ECB via Frankfurter
2016-09-15,47.637,9527.4,ECB via Frankfurter
2016-09-16,47.872,9574.4,ECB via Frankfurter
2016-09-19,47.97,9594.0,ECB via Frankfurter
2016-09-20,47.86,9572.0,ECB via Frankfurter
2016-09-21,47.804,9560.800000000001,ECB via Frankfurter
2016-09-22,47.879,9575.8,ECB via Frankfurter
2016-09-23,48.048,9609.6,ECB via Frankfurter
2016-09-26,48.273,9654.6,ECB via Frankfurter
2016-09-27,48.338,9667.6,ECB via Frankfurter
2016-09-28,48.275,9655.0,ECB via Frankfurter
2016-09-29,48.33,9666.0,ECB via Frankfurter
2016-09-30,48.396,9679.2,ECB via Frankfurter
2016-10-03,48.219,9643.800000000001,ECB via Frankfurter
2016-10-04,48.254,9650.8,ECB via Frankfurter
2016-10-05,48.216,9643.2,ECB via Frankfurter
2016-10-06,48.375,9675.0,ECB via Frankfurter
2016-10-07,48.369,9673.8,ECB via Frankfurter
2016-10-10,48.411,9682.2,ECB via Frankfurter
2016-10-11,48.576,9715.2,ECB via Frankfurter
2016-10-12,48.6,9720.0,ECB via Frankfurter
2016-10-13,48.414,9682.800000000001,ECB via Frankfurter
2016-10-14,48.379,9675.8,ECB via Frankfurter
2016-10-17,48.533,9706.6,ECB via Frankfurter
2016-10-18,48.152,9630.4,ECB via Frankfurter
2016-10-19,47.993,9598.6,ECB via Frankfurter
2016-10-20,48.021,9604.2,ECB via Frankfurter
2016-10-21,48.295,9659.0,ECB via Frankfurter
2016-10-24,48.262,9652.4,ECB via Frankfurter
2016-10-25,48.214,9642.8,ECB via Frankfurter
2016-10-26,48.458,9691.6,ECB via Frankfurter
2016-10-27,48.49,9698.0,ECB via Frankfurter
2016-10-28,48.521,9704.2,ECB via Frankfurter
2016-10-31,48.477,9695.4,ECB via Frankfurter
2016-11-01,48.279,9655.800000000001,ECB via Frankfurter
2016-11-02,48.345,9669.0,ECB via Frankfurter
2016-11-03,48.406,9681.199999999999,ECB via Frankfurter
2016-11-04,48.532,9706.4,ECB via Frankfurter
2016-11-07,48.718,9743.6,ECB via Frankfurter
2016-11-08,48.636,9727.2,ECB via Frankfurter
2016-11-09,48.793,9758.6,ECB via Frankfurter
2016-11-10,48.975,9795.0,ECB via Frankfurter
2016-11-11,49.04,9808.0,ECB via Frankfurter
2016-11-14,49.172,9834.4,ECB via Frankfurter
2016-11-15,49.13,9826.0,ECB via Frankfurter
2016-11-16,49.365,9873.0,ECB via Frankfurter
2016-11-17,49.575,9915.0,ECB via Frankfurter
2016-11-18,49.569,9913.800000000001,ECB via Frankfurter
2016-11-21,49.745,9949.0,ECB via Frankfurter
2016-11-22,49.805,9961.0,ECB via Frankfurter
2016-11-23,49.895,9979.0,ECB via Frankfurter
2016-11-24,49.984,9996.800000000001,ECB via Frankfurter
2016-11-25,49.85,9970.0,ECB via Frankfurter
2016-11-28,49.854,9970.8,ECB via Frankfurter
2016-11-29,49.796,9959.2,ECB via Frankfurter
2016-11-30,49.754,9950.8,ECB via Frankfurter
2016-12-01,49.716,9943.2,ECB via Frankfurter
2016-12-02,49.669,9933.8,ECB via Frankfurter
2016-12-05,49.699,9939.8,ECB via Frankfurter
2016-12-06,49.554,9910.800000000001,ECB via Frankfurter
2016-12-07,49.636,9927.2,ECB via Frankfurter
2016-12-08,49.679,9935.800000000001,ECB via Frankfurter
2016-12-09,49.83,9966.0,ECB via Frankfurter
2016-12-12,49.755,9951.0,ECB via Frankfurter
2016-12-13,49.806,9961.199999999999,ECB via Frankfurter
2016-12-14,49.716,9943.2,ECB via Frankfurter
2016-12-15,49.935,9987.0,ECB via Frankfurter
2016-12-16,49.998,9999.6,ECB via Frankfurter
2016-12-19,50.053,10010.599999999999,ECB via Frankfurter
2016-12-20,50.028,10005.6,ECB via Frankfurter
2016-12-21,49.901,9980.2,ECB via Frankfurter
2016-12-22,50.017,10003.400000000001,ECB via Frankfurter
2016-12-23,49.782,9956.4,ECB via Frankfurter
2016-12-27,49.745,9949.0,ECB via Frankfurter
2016-12-28,49.846,9969.199999999999,ECB via Frankfurter
2016-12-29,49.662,9932.4,ECB via Frankfurter
2016-12-30,49.585,9917.0,ECB via Frankfurter
2017-01-02,49.476,9895.2,ECB via Frankfurter
2017-01-03,49.846,9969.199999999999,ECB via Frankfurter
2017-01-04,49.642,9928.400000000001,ECB via Frankfurter
2017-01-05,49.512,9902.4,ECB via Frankfurter
2017-01-06,49.35,9870.0,ECB via Frankfurter
2017-01-09,49.627,9925.4,ECB via Frankfurter
2017-01-10,49.573,9914.6,ECB via Frankfurter
2017-01-11,49.681,9936.199999999999,ECB via Frankfurter
2017-01-12,49.573,9914.6,ECB via Frankfurter
2017-01-13,49.678,9935.599999999999,ECB via Frankfurter
2017-01-16,49.958,9991.6,ECB via Frankfurter
2017-01-17,49.826,9965.2,ECB via Frankfurter
2017-01-18,49.908,9981.6,ECB via Frankfurter
2017-01-19,50.061,10012.2,ECB via Frankfurter
2017-01-20,50.053,10010.599999999999,ECB via Frankfurter
2017-01-23,49.943,9988.6,ECB via Frankfurter
2017-01-24,49.786,9957.2,ECB via Frankfurter
2017-01-25,49.638,9927.6,ECB via Frankfurter
2017-01-26,49.881,9976.2,ECB via Frankfurter
2017-01-27,49.828,9965.6,ECB via Frankfurter
2017-01-30,49.764,9952.800000000001,ECB via Frankfurter
2017-01-31,49.734,9946.800000000001,ECB via Frankfurter
2017-02-01,49.78,9956.0,ECB via Frankfurter
2017-02-02,49.69,9938.0,ECB via Frankfurter
2017-02-03,49.773,9954.6,ECB via Frankfurter
2017-02-06,49.645,9929.0,ECB via Frankfurter
2017-02-07,49.75,9950.0,ECB via Frankfurter
2017-02-08,49.914,9982.800000000001,ECB via Frankfurter
2017-02-09,49.915,9983.0,ECB via Frankfurter
2017-02-10,49.954,9990.8,ECB via Frankfurter
2017-02-13,49.919,9983.8,ECB via Frankfurter
2017-02-14,49.847,9969.4,ECB via Frankfurter
2017-02-15,49.947,9989.400000000001,ECB via Frankfurter
2017-02-16,49.921,9984.2,ECB via Frankfurter
2017-02-17,50.055,10011.0,ECB via Frankfurter
2017-02-20,50.36,10072.0,ECB via Frankfurter
2017-02-21,50.289,10057.800000000001,ECB via Frankfurter
2017-02-22,50.288,10057.599999999999,ECB via Frankfurter
2017-02-23,50.173,10034.6,ECB via Frankfurter
2017-02-24,50.198,10039.6,ECB via Frankfurter
2017-02-27,50.244,10048.8,ECB via Frankfurter
2017-02-28,50.258,10051.6,ECB via Frankfurter
2017-03-01,50.332,10066.4,ECB via Frankfurter
2017-03-02,50.406,10081.199999999999,ECB via Frankfurter
2017-03-03,50.352,10070.4,ECB via Frankfurter
2017-03-06,50.275,10055.0,ECB via Frankfurter
2017-03-07,50.338,10067.6,ECB via Frankfurter
2017-03-08,50.396,10079.2,ECB via Frankfurter
2017-03-09,50.343,10068.6,ECB via Frankfurter
2017-03-10,50.237,10047.4,ECB via Frankfurter
2017-03-13,50.343,10068.6,ECB via Frankfurter
2017-03-14,50.307,10061.4,ECB via Frankfurter
2017-03-15,50.264,10052.800000000001,ECB via Frankfurter
2017-03-16,50.074,10014.8,ECB via Frankfurter
2017-03-17,50.17,10034.0,ECB via Frankfurter
2017-03-20,50.061,10012.2,ECB via Frankfurter
2017-03-21,50.06,10012.0,ECB via Frankfurter
2017-03-22,50.219,10043.800000000001,ECB via Frankfurter
2017-03-23,50.351,10070.2,ECB via Frankfurter
2017-03-24,50.212,10042.400000000001,ECB via Frankfurter
2017-03-27,50.065,10013.0,ECB via Frankfurter
2017-03-28,50.177,10035.4,ECB via Frankfurter
2017-03-29,50.273,10054.6,ECB via Frankfurter
2017-03-30,50.168,10033.6,ECB via Frankfurter
2017-03-31,50.19,10038.0,ECB via Frankfurter
2017-04-03,50.142,10028.400000000001,ECB via Frankfurter
2017-04-04,50.213,10042.6,ECB via Frankfurter
2017-04-05,50.133,10026.6,ECB via Frankfurter
2017-04-06,50.149,10029.8,ECB via Frankfurter
2017-04-07,49.877,9975.4,ECB via Frankfurter
2017-04-10,49.624,9924.800000000001,ECB via Frankfurter
2017-04-11,49.577,9915.4,ECB via Frankfurter
2017-04-12,49.454,9890.8,ECB via Frankfurter
2017-04-13,49.468,9893.6,ECB via Frankfurter
2017-04-18,49.676,9935.2,ECB via Frankfurter
2017-04-19,49.733,9946.599999999999,ECB via Frankfurter
2017-04-20,49.718,9943.6,ECB via Frankfurter
2017-04-21,49.828,9965.6,ECB via Frankfurter
2017-04-24,49.774,9954.8,ECB via Frankfurter
2017-04-25,49.654,9930.800000000001,ECB via Frankfurter
2017-04-26,49.828,9965.6,ECB via Frankfurter
2017-04-27,50.146,10029.2,ECB via Frankfurter
2017-04-28,50.103,10020.6,ECB via Frankfurter
2017-05-02,50.002,10000.4,ECB via Frankfurter
2017-05-03,49.989,9997.8,ECB via Frankfurter
2017-05-04,49.953,9990.6,ECB via Frankfurter
2017-05-05,49.979,9995.8,ECB via Frankfurter
2017-05-08,49.888,9977.6,ECB via Frankfurter
2017-05-09,49.972,9994.4,ECB via Frankfurter
2017-05-10,49.912,9982.4,ECB via Frankfurter
2017-05-11,49.886,9977.2,ECB via Frankfurter
2017-05-12,49.731,9946.2,ECB via Frankfurter
2017-05-15,49.638,9927.6,ECB via Frankfurter
2017-05-16,49.641,9928.199999999999,ECB via Frankfurter
2017-05-17,49.696,9939.199999999999,ECB via Frankfurter
2017-05-18,50.003,10000.6,ECB via Frankfurter
2017-05-19,49.704,9940.8,ECB via Frankfurter
2017-05-22,49.687,9937.4,ECB via Frankfurter
2017-05-23,49.783,9956.6,ECB via Frankfurter
2017-05-24,49.981,9996.2,ECB via Frankfurter
2017-05-25,49.87,9974.0,ECB via Frankfurter
2017-05-26,49.776,9955.2,ECB via Frankfurter
2017-05-29,49.797,9959.4,ECB via Frankfurter
2017-05-30,49.793,9958.6,ECB via Frankfurter
2017-05-31,49.77,9954.0,ECB via Frankfurter
2017-06-01,49.716,9943.2,ECB via Frankfurter
2017-06-02,49.526,9905.2,ECB via Frankfurter
2017-06-05,49.413,9882.599999999999,ECB via Frankfurter
2017-06-06,49.516,9903.199999999999,ECB via Frankfurter
2017-06-07,49.544,9908.8,ECB via Frankfurter
2017-06-08,49.536,9907.2,ECB via Frankfurter
2017-06-09,49.51,9902.0,ECB via Frankfurter
2017-06-12,49.571,9914.199999999999,ECB via Frankfurter
2017-06-13,49.487,9897.4,ECB via Frankfurter
2017-06-14,49.509,9901.8,ECB via Frankfurter
2017-06-15,49.845,9969.0,ECB via Frankfurter
2017-06-16,49.802,9960.4,ECB via Frankfurter
2017-06-19,50.015,10003.0,ECB via Frankfurter
2017-06-20,50.109,10021.800000000001,ECB via Frankfurter
2017-06-21,50.285,10057.0,ECB via Frankfurter
2017-06-22,50.348,10069.6,ECB via Frankfurter
2017-06-23,50.226,10045.2,ECB via Frankfurter
2017-06-26,50.193,10038.6,ECB via Frankfurter
2017-06-27,50.233,10046.599999999999,ECB via Frankfurter
2017-06-28,50.565,10113.0,ECB via Frankfurter
2017-06-29,50.562,10112.4,ECB via Frankfurter
2017-06-30,50.451,10090.2,ECB via Frankfurter
2017-07-03,50.623,10124.6,ECB via Frankfurter
2017-07-04,50.509,10101.8,ECB via Frankfurter
2017-07-05,50.683,10136.6,ECB via Frankfurter
2017-07-06,50.71,10142.0,ECB via Frankfurter
2017-07-07,50.636,10127.2,ECB via Frankfurter
2017-07-10,50.874,10174.800000000001,ECB via Frankfurter
2017-07-11,50.691,10138.2,ECB via Frankfurter
2017-07-12,50.615,10123.0,ECB via Frankfurter
2017-07-13,50.556,10111.199999999999,ECB via Frankfurter
2017-07-14,50.611,10122.199999999999,ECB via Frankfurter
2017-07-17,50.678,10135.599999999999,ECB via Frankfurter
2017-07-18,50.711,10142.199999999999,ECB via Frankfurter
2017-07-19,50.839,10167.8,ECB via Frankfurter
2017-07-20,50.873,10174.6,ECB via Frankfurter
2017-07-21,50.701,10140.2,ECB via Frankfurter
2017-07-24,50.653,10130.6,ECB via Frankfurter
2017-07-25,50.615,10123.0,ECB via Frankfurter
2017-07-26,50.625,10125.0,ECB via Frankfurter
2017-07-27,50.542,10108.4,ECB via Frankfurter
2017-07-28,50.479,10095.8,ECB via Frankfurter
2017-07-31,50.479,10095.8,ECB via Frankfurter
2017-08-01,50.379,10075.8,ECB via Frankfurter
2017-08-02,50.318,10063.6,ECB via Frankfurter
2017-08-03,50.274,10054.8,ECB via Frankfurter
2017-08-04,50.209,10041.800000000001,ECB via Frankfurter
2017-08-07,50.459,10091.800000000001,ECB via Frankfurter
2017-08-08,50.476,10095.2,ECB via Frankfurter
2017-08-09,50.667,10133.4,ECB via Frankfurter
2017-08-10,50.773,10154.6,ECB via Frankfurter
2017-08-11,51.027,10205.4,ECB via Frankfurter
2017-08-14,51.164,10232.800000000001,ECB via Frankfurter
2017-08-15,51.396,10279.2,ECB via Frankfurter
2017-08-16,51.363,10272.6,ECB via Frankfurter
2017-08-17,51.336,10267.199999999999,ECB via Frankfurter
2017-08-18,51.56,10312.0,ECB via Frankfurter
2017-08-21,51.419,10283.8,ECB via Frankfurter
2017-08-22,51.253,10250.6,ECB via Frankfurter
2017-08-23,51.229,10245.8,ECB via Frankfurter
2017-08-24,51.08,10216.0,ECB via Frankfurter
2017-08-25,51.09,10218.0,ECB via Frankfurter
2017-08-28,51.02,10204.0,ECB via Frankfurter
2017-08-29,51.033,10206.6,ECB via Frankfurter
2017-08-30,51.225,10245.0,ECB via Frankfurter
2017-08-31,51.236,10247.199999999999,ECB via Frankfurter
2017-09-01,51.091,10218.2,ECB via Frankfurter
2017-09-04,51.199,10239.8,ECB via Frankfurter
2017-09-05,51.139,10227.800000000001,ECB via Frankfurter
2017-09-06,51.05,10210.0,ECB via Frankfurter
2017-09-07,50.768,10153.6,ECB via Frankfurter
2017-09-08,50.809,10161.8,ECB via Frankfurter
2017-09-11,50.838,10167.6,ECB via Frankfurter
2017-09-12,50.922,10184.4,ECB via Frankfurter
2017-09-13,50.97,10194.0,ECB via Frankfurter
2017-09-14,51.317,10263.4,ECB via Frankfurter
2017-09-15,51.246,10249.2,ECB via Frankfurter
2017-09-18,51.153,10230.6,ECB via Frankfurter
2017-09-19,50.984,10196.800000000001,ECB via Frankfurter
2017-09-20,50.901,10180.2,ECB via Frankfurter
2017-09-21,51.02,10204.0,ECB via Frankfurter
2017-09-22,50.608,10121.599999999999,ECB via Frankfurter
2017-09-25,50.69,10138.0,ECB via Frankfurter
2017-09-26,50.919,10183.8,ECB via Frankfurter
2017-09-27,51.009,10201.8,ECB via Frankfurter
2017-09-28,50.941,10188.2,ECB via Frankfurter
2017-09-29,50.864,10172.8,ECB via Frankfurter
2017-10-02,51.114,10222.8,ECB via Frankfurter
2017-10-03,51.15,10230.0,ECB via Frankfurter
2017-10-04,50.964,10192.8,ECB via Frankfurter
2017-10-05,51.055,10211.0,ECB via Frankfurter
2017-10-06,51.232,10246.4,ECB via Frankfurter
2017-10-09,51.242,10248.4,ECB via Frankfurter
2017-10-10,51.477,10295.4,ECB via Frankfurter
2017-10-11,51.448,10289.6,ECB via Frankfurter
2017-10-12,51.536,10307.2,ECB via Frankfurter
2017-10-13,51.423,10284.6,ECB via Frankfurter
2017-10-16,51.257,10251.4,ECB via Frankfurter
2017-10-17,51.338,10267.6,ECB via Frankfurter
2017-10-18,51.476,10295.2,ECB via Frankfurter
2017-10-19,51.431,10286.199999999999,ECB via Frankfurter
2017-10-20,51.502,10300.4,ECB via Frankfurter
2017-10-23,51.497,10299.4,ECB via Frankfurter
2017-10-24,51.697,10339.400000000001,ECB via Frankfurter
2017-10-25,51.794,10358.8,ECB via Frankfurter
2017-10-26,51.85,10370.0,ECB via Frankfurter
2017-10-27,51.852,10370.4,ECB via Frankfurter
2017-10-30,51.739,10347.8,ECB via Frankfurter
2017-10-31,51.594,10318.800000000001,ECB via Frankfurter
2017-11-01,51.677,10335.4,ECB via Frankfurter
2017-11-02,51.469,10293.800000000001,ECB via Frankfurter
2017-11-03,51.149,10229.8,ECB via Frankfurter
2017-11-06,51.096,10219.199999999999,ECB via Frankfurter
2017-11-07,51.398,10279.6,ECB via Frankfurter
2017-11-08,51.241,10248.2,ECB via Frankfurter
2017-11-09,51.244,10248.8,ECB via Frankfurter
2017-11-10,51.238,10247.6,ECB via Frankfurter
2017-11-13,51.239,10247.8,ECB via Frankfurter
2017-11-14,51.145,10229.0,ECB via Frankfurter
2017-11-15,50.825,10165.0,ECB via Frankfurter
2017-11-16,50.791,10158.199999999999,ECB via Frankfurter
2017-11-17,50.828,10165.6,ECB via Frankfurter
2017-11-20,50.727,10145.4,ECB via Frankfurter
2017-11-21,50.636,10127.2,ECB via Frankfurter
2017-11-22,50.642,10128.400000000001,ECB via Frankfurter
2017-11-23,50.531,10106.199999999999,ECB via Frankfurter
2017-11-24,50.64,10128.0,ECB via Frankfurter
2017-11-27,50.248,10049.6,ECB via Frankfurter
2017-11-28,50.314,10062.8,ECB via Frankfurter
2017-11-29,50.218,10043.6,ECB via Frankfurter
2017-11-30,50.324,10064.8,ECB via Frankfurter
2017-12-01,50.377,10075.4,ECB via Frankfurter
2017-12-04,50.656,10131.199999999999,ECB via Frankfurter
2017-12-05,50.627,10125.4,ECB via Frankfurter
2017-12-06,50.682,10136.4,ECB via Frankfurter
2017-12-07,50.608,10121.599999999999,ECB via Frankfurter
2017-12-08,50.533,10106.6,ECB via Frankfurter
2017-12-11,50.349,10069.8,ECB via Frankfurter
2017-12-12,50.465,10093.0,ECB via Frankfurter
2017-12-13,50.487,10097.4,ECB via Frankfurter
2017-12-14,50.572,10114.400000000001,ECB via Frankfurter
2017-12-15,50.422,10084.4,ECB via Frankfurter
2017-12-18,50.488,10097.6,ECB via Frankfurter
2017-12-19,50.249,10049.800000000001,ECB via Frankfurter
2017-12-20,50.234,10046.800000000001,ECB via Frankfurter
2017-12-21,50.194,10038.800000000001,ECB via Frankfurter
2017-12-22,50.099,10019.8,ECB via Frankfurter
2017-12-27,49.962,9992.400000000001,ECB via Frankfurter
2017-12-28,49.909,9981.8,ECB via Frankfurter
2017-12-29,49.858,9971.599999999999,ECB via Frankfurter
2018-01-02,49.84,9968.0,ECB via Frankfurter
2018-01-03,49.894,9978.8,ECB via Frankfurter
2018-01-04,49.782,9956.4,ECB via Frankfurter
2018-01-05,49.867,9973.4,ECB via Frankfurter
2018-01-08,50.192,10038.4,ECB via Frankfurter
2018-01-09,50.28,10056.0,ECB via Frankfurter
2018-01-10,50.554,10110.800000000001,ECB via Frankfurter
2018-01-11,50.419,10083.8,ECB via Frankfurter
2018-01-12,50.378,10075.6,ECB via Frankfurter
2018-01-15,50.3,10060.0,ECB via Frankfurter
2018-01-16,50.645,10129.0,ECB via Frankfurter
2018-01-17,50.821,10164.199999999999,ECB via Frankfurter
2018-01-18,50.73,10146.0,ECB via Frankfurter
2018-01-19,50.704,10140.8,ECB via Frankfurter
2018-01-22,50.893,10178.6,ECB via Frankfurter
2018-01-23,51.025,10205.0,ECB via Frankfurter
2018-01-24,50.834,10166.800000000001,ECB via Frankfurter
2018-01-25,50.93,10186.0,ECB via Frankfurter
2018-01-26,51.055,10211.0,ECB via Frankfurter
2018-01-29,51.411,10282.2,ECB via Frankfurter
2018-01-30,51.327,10265.4,ECB via Frankfurter
2018-01-31,51.274,10254.8,ECB via Frankfurter
2018-02-01,51.633,10326.6,ECB via Frankfurter
2018-02-02,51.625,10325.0,ECB via Frankfurter
2018-02-05,51.583,10316.6,ECB via Frankfurter
2018-02-06,51.54,10308.0,ECB via Frankfurter
2018-02-07,51.253,10250.6,ECB via Frankfurter
2018-02-08,51.672,10334.4,ECB via Frankfurter
2018-02-09,51.596,10319.199999999999,ECB via Frankfurter
2018-02-12,51.969,10393.800000000001,ECB via Frankfurter
2018-02-13,52.124,10424.800000000001,ECB via Frankfurter
2018-02-14,52.148,10429.6,ECB via Frankfurter
2018-02-15,52.145,10429.0,ECB via Frankfurter
2018-02-16,52.247,10449.4,ECB via Frankfurter
2018-02-19,52.458,10491.6,ECB via Frankfurter
2018-02-20,52.318,10463.6,ECB via Frankfurter
2018-02-21,52.168,10433.6,ECB via Frankfurter
2018-02-22,52.062,10412.4,ECB via Frankfurter
2018-02-23,51.808,10361.6,ECB via Frankfurter
2018-02-26,51.896,10379.2,ECB via Frankfurter
2018-02-27,52.261,10452.2,ECB via Frankfurter
2018-02-28,52.105,10421.0,ECB via Frankfurter
2018-03-01,51.959,10391.800000000001,ECB via Frankfurter
2018-03-02,52.009,10401.8,ECB via Frankfurter
2018-03-05,51.965,10393.0,ECB via Frankfurter
2018-03-06,51.857,10371.4,ECB via Frankfurter
2018-03-07,52.002,10400.4,ECB via Frankfurter
2018-03-08,52.046,10409.2,ECB via Frankfurter
2018-03-09,52.154,10430.800000000001,ECB via Frankfurter
2018-03-12,52.081,10416.2,ECB via Frankfurter
2018-03-13,51.94,10388.0,ECB via Frankfurter
2018-03-14,52.009,10401.8,ECB via Frankfurter
2018-03-15,52.043,10408.6,ECB via Frankfurter
2018-03-16,51.954,10390.8,ECB via Frankfurter
2018-03-19,52.136,10427.2,ECB via Frankfurter
2018-03-20,52.074,10414.8,ECB via Frankfurter
2018-03-21,52.122,10424.4,ECB via Frankfurter
2018-03-22,52.407,10481.4,ECB via Frankfurter
2018-03-23,52.357,10471.4,ECB via Frankfurter
2018-03-26,52.228,10445.6,ECB via Frankfurter
2018-03-27,52.485,10497.0,ECB via Frankfurter
2018-03-28,52.325,10465.0,ECB via Frankfurter
2018-03-29,52.247,10449.4,ECB via Frankfurter
2018-04-03,52.026,10405.2,ECB via Frankfurter
2018-04-04,52.152,10430.4,ECB via Frankfurter
2018-04-05,52.064,10412.8,ECB via Frankfurter
2018-04-06,52.06,10412.0,ECB via Frankfurter
2018-04-09,52.015,10403.0,ECB via Frankfurter
2018-04-10,51.967,10393.4,ECB via Frankfurter
2018-04-11,51.986,10397.199999999999,ECB via Frankfurter
2018-04-12,52.018,10403.6,ECB via Frankfurter
2018-04-13,51.936,10387.2,ECB via Frankfurter
2018-04-16,52.051,10410.2,ECB via Frankfurter
2018-04-17,52.273,10454.6,ECB via Frankfurter
2018-04-18,52.033,10406.6,ECB via Frankfurter
2018-04-19,52.037,10407.4,ECB via Frankfurter
2018-04-20,52.14,10428.0,ECB via Frankfurter
2018-04-23,52.356,10471.2,ECB via Frankfurter
2018-04-24,52.196,10439.199999999999,ECB via Frankfurter
2018-04-25,52.337,10467.400000000001,ECB via Frankfurter
2018-04-26,51.996,10399.2,ECB via Frankfurter
2018-04-27,51.692,10338.4,ECB via Frankfurter
2018-04-30,51.703,10340.6,ECB via Frankfurter
2018-05-02,51.887,10377.4,ECB via Frankfurter
2018-05-03,51.697,10339.400000000001,ECB via Frankfurter
2018-05-04,51.673,10334.6,ECB via Frankfurter
2018-05-07,51.893,10378.6,ECB via Frankfurter
2018-05-08,51.909,10381.8,ECB via Frankfurter
2018-05-09,51.935,10387.0,ECB via Frankfurter
2018-05-10,52.002,10400.4,ECB via Frankfurter
2018-05-11,52.414,10482.800000000001,ECB via Frankfurter
2018-05-14,52.437,10487.4,ECB via Frankfurter
2018-05-15,52.532,10506.4,ECB via Frankfurter
2018-05-16,52.372,10474.4,ECB via Frankfurter
2018-05-17,52.275,10455.0,ECB via Frankfurter
2018-05-18,52.408,10481.6,ECB via Frankfurter
2018-05-21,52.389,10477.800000000001,ECB via Frankfurter
2018-05-22,52.268,10453.6,ECB via Frankfurter
2018-05-23,52.47,10494.0,ECB via Frankfurter
2018-05-24,52.548,10509.6,ECB via Frankfurter
2018-05-25,52.626,10525.199999999999,ECB via Frankfurter
2018-05-28,52.484,10496.800000000001,ECB via Frankfurter
2018-05-29,52.635,10527.0,ECB via Frankfurter
2018-05-30,52.62,10524.0,ECB via Frankfurter
2018-05-31,52.575,10515.0,ECB via Frankfurter
2018-06-01,52.597,10519.4,ECB via Frankfurter
2018-06-04,52.524,10504.8,ECB via Frankfurter
2018-06-05,52.439,10487.8,ECB via Frankfurter
2018-06-06,52.441,10488.2,ECB via Frankfurter
2018-06-07,52.53,10506.0,ECB via Frankfurter
2018-06-08,52.806,10561.199999999999,ECB via Frankfurter
2018-06-11,53.06,10612.0,ECB via Frankfurter
2018-06-12,53.063,10612.6,ECB via Frankfurter
2018-06-13,53.227,10645.4,ECB via Frankfurter
2018-06-14,53.158,10631.6,ECB via Frankfurter
2018-06-15,53.364,10672.8,ECB via Frankfurter
2018-06-18,53.4,10680.0,ECB via Frankfurter
2018-06-19,53.339,10667.8,ECB via Frankfurter
2018-06-20,53.432,10686.4,ECB via Frankfurter
2018-06-21,53.421,10684.2,ECB via Frankfurter
2018-06-22,53.296,10659.2,ECB via Frankfurter
2018-06-25,53.449,10689.8,ECB via Frankfurter
2018-06-26,53.73,10746.0,ECB via Frankfurter
2018-06-27,53.51,10702.0,ECB via Frankfurter
2018-06-28,53.492,10698.4,ECB via Frankfurter
2018-06-29,53.332,10666.4,ECB via Frankfurter
2018-07-02,53.387,10677.4,ECB via Frankfurter
2018-07-03,53.364,10672.8,ECB via Frankfurter
2018-07-04,53.391,10678.199999999999,ECB via Frankfurter
2018-07-05,53.35,10670.0,ECB via Frankfurter
2018-07-06,53.326,10665.2,ECB via Frankfurter
2018-07-09,53.346,10669.199999999999,ECB via Frankfurter
2018-07-10,53.485,10697.0,ECB via Frankfurter
2018-07-11,53.594,10718.800000000001,ECB via Frankfurter
2018-07-12,53.507,10701.4,ECB via Frankfurter
2018-07-13,53.501,10700.199999999999,ECB via Frankfurter
2018-07-16,53.491,10698.2,ECB via Frankfurter
2018-07-17,53.383,10676.6,ECB via Frankfurter
2018-07-18,53.538,10707.599999999999,ECB via Frankfurter
2018-07-19,53.659,10731.8,ECB via Frankfurter
2018-07-20,53.378,10675.6,ECB via Frankfurter
2018-07-23,53.425,10685.0,ECB via Frankfurter
2018-07-24,53.277,10655.4,ECB via Frankfurter
2018-07-25,53.286,10657.2,ECB via Frankfurter
2018-07-26,53.396,10679.2,ECB via Frankfurter
2018-07-27,53.315,10663.0,ECB via Frankfurter
2018-07-30,53.162,10632.4,ECB via Frankfurter
2018-07-31,53.1,10620.0,ECB via Frankfurter
2018-08-01,52.958,10591.6,ECB via Frankfurter
2018-08-02,53.103,10620.6,ECB via Frankfurter
2018-08-03,53.075,10615.0,ECB via Frankfurter
2018-08-06,52.877,10575.4,ECB via Frankfurter
2018-08-07,52.818,10563.6,ECB via Frankfurter
2018-08-08,53.038,10607.599999999999,ECB via Frankfurter
2018-08-09,53.031,10606.199999999999,ECB via Frankfurter
2018-08-10,53.101,10620.2,ECB via Frankfurter
2018-08-13,53.462,10692.400000000001,ECB via Frankfurter
2018-08-14,53.49,10698.0,ECB via Frankfurter
2018-08-15,53.61,10722.0,ECB via Frankfurter
2018-08-16,53.443,10688.6,ECB via Frankfurter
2018-08-17,53.442,10688.4,ECB via Frankfurter
2018-08-20,53.374,10674.800000000001,ECB via Frankfurter
2018-08-21,53.444,10688.800000000001,ECB via Frankfurter
2018-08-22,53.399,10679.8,ECB via Frankfurter
2018-08-23,53.483,10696.599999999999,ECB via Frankfurter
2018-08-24,53.402,10680.4,ECB via Frankfurter
2018-08-27,53.294,10658.8,ECB via Frankfurter
2018-08-28,53.277,10655.4,ECB via Frankfurter
2018-08-29,53.495,10699.0,ECB via Frankfurter
2018-08-30,53.483,10696.599999999999,ECB via Frankfurter
2018-08-31,53.487,10697.4,ECB via Frankfurter
2018-09-03,53.528,10705.6,ECB via Frankfurter
2018-09-04,53.581,10716.2,ECB via Frankfurter
2018-09-05,53.767,10753.400000000001,ECB via Frankfurter
2018-09-06,53.801,10760.2,ECB via Frankfurter
2018-09-07,53.769,10753.8,ECB via Frankfurter
2018-09-10,53.925,10785.0,ECB via Frankfurter
2018-09-11,53.998,10799.6,ECB via Frankfurter
2018-09-12,54.07,10814.0,ECB via Frankfurter
2018-09-13,54.057,10811.4,ECB via Frankfurter
2018-09-14,54.05,10810.0,ECB via Frankfurter
2018-09-17,54.161,10832.2,ECB via Frankfurter
2018-09-18,54.126,10825.199999999999,ECB via Frankfurter
2018-09-19,54.018,10803.6,ECB via Frankfurter
2018-09-20,53.901,10780.2,ECB via Frankfurter
2018-09-21,54.135,10827.0,ECB via Frankfurter
2018-09-24,54.226,10845.2,ECB via Frankfurter
2018-09-25,54.342,10868.4,ECB via Frankfurter
2018-09-26,54.297,10859.4,ECB via Frankfurter
2018-09-27,54.119,10823.8,ECB via Frankfurter
2018-09-28,54.119,10823.8,ECB via Frankfurter
2018-10-01,54.052,10810.4,ECB via Frankfurter
2018-10-02,54.301,10860.2,ECB via Frankfurter
2018-10-03,54.275,10855.0,ECB via Frankfurter
2018-10-04,54.323,10864.6,ECB via Frankfurter
2018-10-05,54.28,10856.0,ECB via Frankfurter
2018-10-08,54.061,10812.2,ECB via Frankfurter
2018-10-09,54.243,10848.6,ECB via Frankfurter
2018-10-10,54.18,10836.0,ECB via Frankfurter
2018-10-11,54.03,10806.0,ECB via Frankfurter
2018-10-12,54.07,10814.0,ECB via Frankfurter
2018-10-15,54.096,10819.199999999999,ECB via Frankfurter
2018-10-16,53.837,10767.400000000001,ECB via Frankfurter
2018-10-17,53.93,10786.0,ECB via Frankfurter
2018-10-18,54.009,10801.8,ECB via Frankfurter
2018-10-19,53.71,10742.0,ECB via Frankfurter
2018-10-22,53.803,10760.599999999999,ECB via Frankfurter
2018-10-23,53.769,10753.8,ECB via Frankfurter
2018-10-24,53.742,10748.4,ECB via Frankfurter
2018-10-25,53.682,10736.4,ECB via Frankfurter
2018-10-26,53.66,10732.0,ECB via Frankfurter
2018-10-29,53.687,10737.4,ECB via Frankfurter
2018-10-30,53.519,10703.8,ECB via Frankfurter
2018-10-31,53.429,10685.800000000001,ECB via Frankfurter
2018-11-01,53.227,10645.4,ECB via Frankfurter
2018-11-02,53.16,10632.0,ECB via Frankfurter
2018-11-05,53.223,10644.6,ECB via Frankfurter
2018-11-06,52.924,10584.8,ECB via Frankfurter
2018-11-07,52.741,10548.2,ECB via Frankfurter
2018-11-08,52.791,10558.199999999999,ECB via Frankfurter
2018-11-09,53.108,10621.599999999999,ECB via Frankfurter
2018-11-12,53.238,10647.6,ECB via Frankfurter
2018-11-13,53.179,10635.800000000001,ECB via Frankfurter
2018-11-14,53.106,10621.2,ECB via Frankfurter
2018-11-15,52.732,10546.4,ECB via Frankfurter
2018-11-16,52.77,10554.0,ECB via Frankfurter
2018-11-19,52.525,10505.0,ECB via Frankfurter
2018-11-20,52.411,10482.2,ECB via Frankfurter
2018-11-21,52.233,10446.599999999999,ECB via Frankfurter
2018-11-22,52.398,10479.6,ECB via Frankfurter
2018-11-23,52.393,10478.6,ECB via Frankfurter
2018-11-26,52.415,10483.0,ECB via Frankfurter
2018-11-27,52.471,10494.199999999999,ECB via Frankfurter
2018-11-28,52.598,10519.6,ECB via Frankfurter
2018-11-29,52.407,10481.4,ECB via Frankfurter
2018-11-30,52.413,10482.599999999999,ECB via Frankfurter
2018-12-03,52.427,10485.4,ECB via Frankfurter
2018-12-04,52.621,10524.2,ECB via Frankfurter
2018-12-05,52.737,10547.4,ECB via Frankfurter
2018-12-06,52.869,10573.8,ECB via Frankfurter
2018-12-07,52.818,10563.6,ECB via Frankfurter
2018-12-10,52.838,10567.6,ECB via Frankfurter
2018-12-11,52.737,10547.4,ECB via Frankfurter
2018-12-12,52.63,10526.0,ECB via Frankfurter
2018-12-13,52.667,10533.4,ECB via Frankfurter
2018-12-14,53.15,10630.0,ECB via Frankfurter
2018-12-17,53.014,10602.800000000001,ECB via Frankfurter
2018-12-18,53.081,10616.2,ECB via Frankfurter
2018-12-19,53.078,10615.6,ECB via Frankfurter
2018-12-20,53.11,10622.0,ECB via Frankfurter
2018-12-21,53.045,10609.0,ECB via Frankfurter
2018-12-24,52.96,10592.0,ECB via Frankfurter
2018-12-27,52.73,10546.0,ECB via Frankfurter
2018-12-28,52.63,10526.0,ECB via Frankfurter
2018-12-31,52.5,10500.0,ECB via Frankfurter
2019-01-02,52.552,10510.4,ECB via Frankfurter
2019-01-03,52.59,10518.0,ECB via Frankfurter
2019-01-04,52.45,10490.0,ECB via Frankfurter
2019-01-07,52.407,10481.4,ECB via Frankfurter
2019-01-08,52.497,10499.4,ECB via Frankfurter
2019-01-09,52.28,10456.0,ECB via Frankfurter
2019-01-10,52.16,10432.0,ECB via Frankfurter
2019-01-11,52.203,10440.6,ECB via Frankfurter
2019-01-14,52.247,10449.4,ECB via Frankfurter
2019-01-15,52.1,10420.0,ECB via Frankfurter
2019-01-16,52.215,10443.0,ECB via Frankfurter
2019-01-17,52.516,10503.199999999999,ECB via Frankfurter
2019-01-18,52.607,10521.4,ECB via Frankfurter
2019-01-21,52.773,10554.6,ECB via Frankfurter
2019-01-22,52.894,10578.8,ECB via Frankfurter
2019-01-23,52.698,10539.6,ECB via Frankfurter
2019-01-24,52.822,10564.400000000001,ECB via Frankfurter
2019-01-25,52.584,10516.800000000001,ECB via Frankfurter
2019-01-28,52.51,10502.0,ECB via Frankfurter
2019-01-29,52.484,10496.800000000001,ECB via Frankfurter
2019-01-30,52.3,10460.0,ECB via Frankfurter
2019-01-31,52.092,10418.4,ECB via Frankfurter
2019-02-01,52.233,10446.599999999999,ECB via Frankfurter
2019-02-04,52.462,10492.400000000001,ECB via Frankfurter
2019-02-05,52.301,10460.2,ECB via Frankfurter
2019-02-06,52.365,10473.0,ECB via Frankfurter
2019-02-07,52.209,10441.800000000001,ECB via Frankfurter
2019-02-08,52.132,10426.4,ECB via Frankfurter
2019-02-11,52.148,10429.6,ECB via Frankfurter
2019-02-12,52.105,10421.0,ECB via Frankfurter
2019-02-13,52.162,10432.4,ECB via Frankfurter
2019-02-14,52.354,10470.8,ECB via Frankfurter
2019-02-15,52.43,10486.0,ECB via Frankfurter
2019-02-18,52.37,10474.0,ECB via Frankfurter
2019-02-19,52.214,10442.8,ECB via Frankfurter
2019-02-20,52.022,10404.4,ECB via Frankfurter
2019-02-21,52.134,10426.8,ECB via Frankfurter
2019-02-22,52.143,10428.6,ECB via Frankfurter
2019-02-25,51.877,10375.4,ECB via Frankfurter
2019-02-26,52.059,10411.8,ECB via Frankfurter
2019-02-27,51.801,10360.2,ECB via Frankfurter
2019-02-28,51.681,10336.199999999999,ECB via Frankfurter
2019-03-01,51.819,10363.800000000001,ECB via Frankfurter
2019-03-04,51.8,10360.0,ECB via Frankfurter
2019-03-05,52.366,10473.2,ECB via Frankfurter
2019-03-06,52.263,10452.6,ECB via Frankfurter
2019-03-07,52.278,10455.6,ECB via Frankfurter
2019-03-08,52.313,10462.6,ECB via Frankfurter
2019-03-11,52.251,10450.199999999999,ECB via Frankfurter
2019-03-12,52.89,10578.0,ECB via Frankfurter
2019-03-13,52.705,10541.0,ECB via Frankfurter
2019-03-14,52.768,10553.6,ECB via Frankfurter
2019-03-15,52.61,10522.0,ECB via Frankfurter
2019-03-18,52.7,10540.0,ECB via Frankfurter
2019-03-19,52.852,10570.4,ECB via Frankfurter
2019-03-20,52.882,10576.4,ECB via Frankfurter
2019-03-21,52.595,10519.0,ECB via Frankfurter
2019-03-22,52.501,10500.199999999999,ECB via Frankfurter
2019-03-25,52.46,10492.0,ECB via Frankfurter
2019-03-26,52.612,10522.4,ECB via Frankfurter
2019-03-27,52.764,10552.800000000001,ECB via Frankfurter
2019-03-28,52.864,10572.8,ECB via Frankfurter
2019-03-29,52.581,10516.2,ECB via Frankfurter
2019-04-01,52.485,10497.0,ECB via Frankfurter
2019-04-02,52.416,10483.199999999999,ECB via Frankfurter
2019-04-03,52.128,10425.6,ECB via Frankfurter
2019-04-04,52.266,10453.199999999999,ECB via Frankfurter
2019-04-05,52.112,10422.4,ECB via Frankfurter
2019-04-08,52.137,10427.4,ECB via Frankfurter
2019-04-09,52.037,10407.4,ECB via Frankfurter
2019-04-10,51.904,10380.800000000001,ECB via Frankfurter
2019-04-11,51.941,10388.2,ECB via Frankfurter
2019-04-12,51.721,10344.199999999999,ECB via Frankfurter
2019-04-15,51.689,10337.8,ECB via Frankfurter
2019-04-16,51.762,10352.4,ECB via Frankfurter
2019-04-17,51.66,10332.0,ECB via Frankfurter
2019-04-18,51.686,10337.2,ECB via Frankfurter
2019-04-23,52.06,10412.0,ECB via Frankfurter
2019-04-24,52.182,10436.4,ECB via Frankfurter
2019-04-25,52.284,10456.8,ECB via Frankfurter
2019-04-26,52.164,10432.800000000001,ECB via Frankfurter
2019-04-29,52.12,10424.0,ECB via Frankfurter
2019-04-30,51.814,10362.8,ECB via Frankfurter
2019-05-02,51.751,10350.199999999999,ECB via Frankfurter
2019-05-03,51.869,10373.8,ECB via Frankfurter
2019-05-06,51.957,10391.4,ECB via Frankfurter
2019-05-07,51.952,10390.4,ECB via Frankfurter
2019-05-08,52.167,10433.4,ECB via Frankfurter
2019-05-09,52.244,10448.8,ECB via Frankfurter
2019-05-10,52.29,10458.0,ECB via Frankfurter
2019-05-13,52.44,10488.0,ECB via Frankfurter
2019-05-14,52.466,10493.2,ECB via Frankfurter
2019-05-15,52.39,10478.0,ECB via Frankfurter
2019-05-16,52.483,10496.599999999999,ECB via Frankfurter
2019-05-17,52.728,10545.6,ECB via Frankfurter
2019-05-20,52.714,10542.8,ECB via Frankfurter
2019-05-21,52.552,10510.4,ECB via Frankfurter
2019-05-22,52.466,10493.2,ECB via Frankfurter
2019-05-23,52.516,10503.199999999999,ECB via Frankfurter
2019-05-24,52.206,10441.2,ECB via Frankfurter
2019-05-27,52.211,10442.199999999999,ECB via Frankfurter
2019-05-28,52.26,10452.0,ECB via Frankfurter
2019-05-29,52.331,10466.2,ECB via Frankfurter
2019-05-30,52.15,10430.0,ECB via Frankfurter
2019-05-31,52.215,10443.0,ECB via Frankfurter
2019-06-03,51.866,10373.2,ECB via Frankfurter
2019-06-04,51.767,10353.400000000001,ECB via Frankfurter
2019-06-05,51.772,10354.4,ECB via Frankfurter
2019-06-06,51.703,10340.6,ECB via Frankfurter
2019-06-07,51.987,10397.4,ECB via Frankfurter
2019-06-10,52.092,10418.4,ECB via Frankfurter
2019-06-11,51.952,10390.4,ECB via Frankfurter
2019-06-12,51.943,10388.6,ECB via Frankfurter
2019-06-13,51.87,10374.0,ECB via Frankfurter
2019-06-14,51.965,10393.0,ECB via Frankfurter
2019-06-17,52.255,10451.0,ECB via Frankfurter
2019-06-18,52.079,10415.8,ECB via Frankfurter
2019-06-19,51.91,10382.0,ECB via Frankfurter
2019-06-20,51.436,10287.2,ECB via Frankfurter
2019-06-21,51.478,10295.6,ECB via Frankfurter
2019-06-24,51.37,10274.0,ECB via Frankfurter
2019-06-25,51.35,10270.0,ECB via Frankfurter
2019-06-26,51.449,10289.8,ECB via Frankfurter
2019-06-27,51.195,10239.0,ECB via Frankfurter
2019-06-28,51.261,10252.2,ECB via Frankfurter
2019-07-01,51.064,10212.8,ECB via Frankfurter
2019-07-02,51.129,10225.8,ECB via Frankfurter
2019-07-03,51.165,10233.0,ECB via Frankfurter
2019-07-04,51.101,10220.2,ECB via Frankfurter
2019-07-05,51.211,10242.199999999999,ECB via Frankfurter
2019-07-08,51.342,10268.4,ECB via Frankfurter
2019-07-09,51.342,10268.4,ECB via Frankfurter
2019-07-10,51.476,10295.2,ECB via Frankfurter
2019-07-11,51.221,10244.199999999999,ECB via Frankfurter
2019-07-12,51.15,10230.0,ECB via Frankfurter
2019-07-15,51.03,10206.0,ECB via Frankfurter
2019-07-16,50.89,10178.0,ECB via Frankfurter
2019-07-17,51.13,10226.0,ECB via Frankfurter
2019-07-18,51.109,10221.800000000001,ECB via Frankfurter
2019-07-19,51.027,10205.4,ECB via Frankfurter
2019-07-22,51.111,10222.199999999999,ECB via Frankfurter
2019-07-23,51.13,10226.0,ECB via Frankfurter
2019-07-24,51.135,10227.0,ECB via Frankfurter
2019-07-25,51.099,10219.8,ECB via Frankfurter
2019-07-26,51.006,10201.2,ECB via Frankfurter
2019-07-29,51.012,10202.4,ECB via Frankfurter
2019-07-30,50.835,10167.0,ECB via Frankfurter
2019-07-31,50.834,10166.800000000001,ECB via Frankfurter
2019-08-01,51.193,10238.6,ECB via Frankfurter
2019-08-02,51.6,10320.0,ECB via Frankfurter
2019-08-05,52.04,10408.0,ECB via Frankfurter
2019-08-06,52.086,10417.199999999999,ECB via Frankfurter
2019-08-07,52.278,10455.6,ECB via Frankfurter
2019-08-08,52.128,10425.6,ECB via Frankfurter
2019-08-09,51.98,10396.0,ECB via Frankfurter
2019-08-12,52.192,10438.4,ECB via Frankfurter
2019-08-13,52.346,10469.199999999999,ECB via Frankfurter
2019-08-14,52.361,10472.199999999999,ECB via Frankfurter
2019-08-15,52.699,10539.8,ECB via Frankfurter
2019-08-16,52.376,10475.199999999999,ECB via Frankfurter
2019-08-19,52.392,10478.400000000001,ECB via Frankfurter
2019-08-20,52.333,10466.6,ECB via Frankfurter
2019-08-21,52.18,10436.0,ECB via Frankfurter
2019-08-22,52.319,10463.800000000001,ECB via Frankfurter
2019-08-23,52.425,10485.0,ECB via Frankfurter
2019-08-26,52.471,10494.199999999999,ECB via Frankfurter
2019-08-27,52.319,10463.800000000001,ECB via Frankfurter
2019-08-28,52.331,10466.2,ECB via Frankfurter
2019-08-29,52.197,10439.400000000001,ECB via Frankfurter
2019-08-30,52.068,10413.6,ECB via Frankfurter
2019-09-02,52.152,10430.4,ECB via Frankfurter
2019-09-03,52.29,10458.0,ECB via Frankfurter
2019-09-04,51.92,10384.0,ECB via Frankfurter
2019-09-05,51.919,10383.8,ECB via Frankfurter
2019-09-06,51.88,10376.0,ECB via Frankfurter
2019-09-09,51.84,10368.0,ECB via Frankfurter
2019-09-10,52.015,10403.0,ECB via Frankfurter
2019-09-11,52.126,10425.199999999999,ECB via Frankfurter
2019-09-12,51.913,10382.599999999999,ECB via Frankfurter
2019-09-13,51.95,10390.0,ECB via Frankfurter
2019-09-16,52.3,10460.0,ECB via Frankfurter
2019-09-17,52.342,10468.4,ECB via Frankfurter
2019-09-18,52.151,10430.2,ECB via Frankfurter
2019-09-19,52.23,10446.0,ECB via Frankfurter
2019-09-20,52.017,10403.400000000001,ECB via Frankfurter
2019-09-23,52.137,10427.4,ECB via Frankfurter
2019-09-24,52.129,10425.8,ECB via Frankfurter
2019-09-25,52.336,10467.199999999999,ECB via Frankfurter
2019-09-26,52.17,10434.0,ECB via Frankfurter
2019-09-27,51.885,10377.0,ECB via Frankfurter
2019-09-30,51.936,10387.2,ECB via Frankfurter
2019-10-01,51.945,10389.0,ECB via Frankfurter
2019-10-02,51.996,10399.2,ECB via Frankfurter
2019-10-03,51.811,10362.2,ECB via Frankfurter
2019-10-04,51.745,10349.0,ECB via Frankfurter
2019-10-07,51.873,10374.6,ECB via Frankfurter
2019-10-08,51.843,10368.6,ECB via Frankfurter
2019-10-09,51.74,10348.0,ECB via Frankfurter
2019-10-10,51.65,10330.0,ECB via Frankfurter
2019-10-11,51.55,10310.0,ECB via Frankfurter
2019-10-14,51.581,10316.2,ECB via Frankfurter
2019-10-15,51.63,10326.0,ECB via Frankfurter
2019-10-16,51.56,10312.0,ECB via Frankfurter
2019-10-17,51.31,10262.0,ECB via Frankfurter
2019-10-18,51.211,10242.199999999999,ECB via Frankfurter
2019-10-21,51.057,10211.4,ECB via Frankfurter
2019-10-22,51.185,10237.0,ECB via Frankfurter
2019-10-23,51.034,10206.8,ECB via Frankfurter
2019-10-24,51.301,10260.2,ECB via Frankfurter
2019-10-25,51.275,10255.0,ECB via Frankfurter
2019-10-28,51.169,10233.8,ECB via Frankfurter
2019-10-29,51.035,10207.0,ECB via Frankfurter
2019-10-30,50.955,10191.0,ECB via Frankfurter
2019-10-31,50.837,10167.400000000001,ECB via Frankfurter
2019-11-01,50.531,10106.199999999999,ECB via Frankfurter
2019-11-04,50.525,10105.0,ECB via Frankfurter
2019-11-05,50.42,10084.0,ECB via Frankfurter
2019-11-06,50.61,10122.0,ECB via Frankfurter
2019-11-07,50.48,10096.0,ECB via Frankfurter
2019-11-08,50.579,10115.8,ECB via Frankfurter
2019-11-11,50.845,10169.0,ECB via Frankfurter
2019-11-12,50.803,10160.599999999999,ECB via Frankfurter
2019-11-13,50.904,10180.800000000001,ECB via Frankfurter
2019-11-14,50.73,10146.0,ECB via Frankfurter
2019-11-15,50.615,10123.0,ECB via Frankfurter
2019-11-18,50.702,10140.4,ECB via Frankfurter
2019-11-19,50.89,10178.0,ECB via Frankfurter
2019-11-20,50.89,10178.0,ECB via Frankfurter
2019-11-21,50.869,10173.8,ECB via Frankfurter
2019-11-22,50.855,10171.0,ECB via Frankfurter
2019-11-25,50.795,10159.0,ECB via Frankfurter
2019-11-26,50.831,10166.2,ECB via Frankfurter
2019-11-27,50.829,10165.8,ECB via Frankfurter
2019-11-28,50.795,10159.0,ECB via Frankfurter
2019-11-29,50.845,10169.0,ECB via Frankfurter
2019-12-02,51.09,10218.0,ECB via Frankfurter
2019-12-03,51.109,10221.800000000001,ECB via Frankfurter
2019-12-04,51.005,10201.0,ECB via Frankfurter
2019-12-05,50.84,10168.0,ECB via Frankfurter
2019-12-06,50.791,10158.199999999999,ECB via Frankfurter
2019-12-09,50.85,10170.0,ECB via Frankfurter
2019-12-10,50.775,10155.0,ECB via Frankfurter
2019-12-11,50.816,10163.2,ECB via Frankfurter
2019-12-12,50.71,10142.0,ECB via Frankfurter
2019-12-13,50.511,10102.2,ECB via Frankfurter
2019-12-16,50.62,10124.0,ECB via Frankfurter
2019-12-17,50.54,10108.0,ECB via Frankfurter
2019-12-18,50.626,10125.199999999999,ECB via Frankfurter
2019-12-19,50.61,10122.0,ECB via Frankfurter
2019-12-20,50.72,10144.0,ECB via Frankfurter
2019-12-23,50.99,10198.0,ECB via Frankfurter
2019-12-24,50.84,10168.0,ECB via Frankfurter
2019-12-27,50.725,10145.0,ECB via Frankfurter
2019-12-30,50.75,10150.0,ECB via Frankfurter
2019-12-31,50.65,10130.0,ECB via Frankfurter
2020-01-02,50.768,10153.6,ECB via Frankfurter
2020-01-03,51.12,10224.0,ECB via Frankfurter
2020-01-06,51.141,10228.199999999999,ECB via Frankfurter
2020-01-07,50.87,10174.0,ECB via Frankfurter
2020-01-08,50.76,10152.0,ECB via Frankfurter
2020-01-09,50.63,10126.0,ECB via Frankfurter
2020-01-10,50.49,10098.0,ECB via Frankfurter
2020-01-13,50.465,10093.0,ECB via Frankfurter
2020-01-14,50.6,10120.0,ECB via Frankfurter
2020-01-15,50.728,10145.6,ECB via Frankfurter
2020-01-16,50.834,10166.800000000001,ECB via Frankfurter
2020-01-17,50.907,10181.4,ECB via Frankfurter
2020-01-20,50.96,10192.0,ECB via Frankfurter
2020-01-21,51.002,10200.4,ECB via Frankfurter
2020-01-22,50.955,10191.0,ECB via Frankfurter
2020-01-23,50.955,10191.0,ECB via Frankfurter
2020-01-24,50.831,10166.2,ECB via Frankfurter
2020-01-27,50.87,10174.0,ECB via Frankfurter
2020-01-28,50.775,10155.0,ECB via Frankfurter
2020-01-29,50.84,10168.0,ECB via Frankfurter
2020-01-30,50.998,10199.6,ECB via Frankfurter
2020-01-31,51.015,10203.0,ECB via Frankfurter
2020-02-03,50.87,10174.0,ECB via Frankfurter
2020-02-04,50.78,10156.0,ECB via Frankfurter
2020-02-05,50.767,10153.400000000001,ECB via Frankfurter
2020-02-06,50.729,10145.8,ECB via Frankfurter
2020-02-07,50.885,10177.0,ECB via Frankfurter
2020-02-10,50.824,10164.8,ECB via Frankfurter
2020-02-11,50.51,10102.0,ECB via Frankfurter
2020-02-12,50.567,10113.4,ECB via Frankfurter
2020-02-13,50.486,10097.199999999999,ECB via Frankfurter
2020-02-14,50.55,10110.0,ECB via Frankfurter
2020-02-17,50.565,10113.0,ECB via Frankfurter
2020-02-18,50.665,10133.0,ECB via Frankfurter
2020-02-19,50.57,10114.0,ECB via Frankfurter
2020-02-20,50.718,10143.6,ECB via Frankfurter
2020-02-21,50.88,10176.0,ECB via Frankfurter
2020-02-24,51.07,10214.0,ECB via Frankfurter
2020-02-25,51.07,10214.0,ECB via Frankfurter
2020-02-26,51.069,10213.800000000001,ECB via Frankfurter
2020-02-27,50.864,10172.8,ECB via Frankfurter
2020-02-28,51.04,10208.0,ECB via Frankfurter
2020-03-02,50.81,10162.0,ECB via Frankfurter
2020-03-03,50.793,10158.6,ECB via Frankfurter
2020-03-04,50.596,10119.199999999999,ECB via Frankfurter
2020-03-05,50.76,10152.0,ECB via Frankfurter
2020-03-06,50.76,10152.0,ECB via Frankfurter
2020-03-09,50.64,10128.0,ECB via Frankfurter
2020-03-10,50.515,10103.0,ECB via Frankfurter
2020-03-11,50.62,10124.0,ECB via Frankfurter
2020-03-12,51.286,10257.2,ECB via Frankfurter
2020-03-13,50.84,10168.0,ECB via Frankfurter
2020-03-16,51.649,10329.8,ECB via Frankfurter
2020-03-17,51.505,10301.0,ECB via Frankfurter
2020-03-18,51.62,10324.0,ECB via Frankfurter
2020-03-19,51.47,10294.0,ECB via Frankfurter
2020-03-20,51.27,10254.0,ECB via Frankfurter
2020-03-23,51.4,10280.0,ECB via Frankfurter
2020-03-24,51.07,10214.0,ECB via Frankfurter
2020-03-25,51.03,10206.0,ECB via Frankfurter
2020-03-26,50.98,10196.0,ECB via Frankfurter
2020-03-27,51.13,10226.0,ECB via Frankfurter
2020-03-30,50.93,10186.0,ECB via Frankfurter
2020-03-31,50.99,10198.0,ECB via Frankfurter
2020-04-01,50.941,10188.2,ECB via Frankfurter
2020-04-02,50.876,10175.199999999999,ECB via Frankfurter
2020-04-03,50.816,10163.2,ECB via Frankfurter
2020-04-06,50.66,10132.0,ECB via Frankfurter
2020-04-07,50.45,10090.0,ECB via Frankfurter
2020-04-08,50.572,10114.400000000001,ECB via Frankfurter
2020-04-09,50.556,10111.199999999999,ECB via Frankfurter
2020-04-14,50.582,10116.4,ECB via Frankfurter
2020-04-15,50.73,10146.0,ECB via Frankfurter
2020-04-16,50.895,10179.0,ECB via Frankfurter
2020-04-17,50.916,10183.199999999999,ECB via Frankfurter
2020-04-20,50.761,10152.2,ECB via Frankfurter
2020-04-21,50.841,10168.2,ECB via Frankfurter
2020-04-22,50.7,10140.0,ECB via Frankfurter
2020-04-23,50.66,10132.0,ECB via Frankfurter
2020-04-24,50.825,10165.0,ECB via Frankfurter
2020-04-27,50.67,10134.0,ECB via Frankfurter
2020-04-28,50.595,10119.0,ECB via Frankfurter
2020-04-29,50.51,10102.0,ECB via Frankfurter
2020-04-30,50.36,10072.0,ECB via Frankfurter
2020-05-04,50.611,10122.199999999999,ECB via Frankfurter
2020-05-05,50.598,10119.6,ECB via Frankfurter
2020-05-06,50.541,10108.199999999999,ECB via Frankfurter
2020-05-07,50.54,10108.0,ECB via Frankfurter
2020-05-08,50.43,10086.0,ECB via Frankfurter
2020-05-11,50.376,10075.199999999999,ECB via Frankfurter
2020-05-12,50.09,10018.0,ECB via Frankfurter
2020-05-13,50.156,10031.199999999999,ECB via Frankfurter
2020-05-14,50.585,10117.0,ECB via Frankfurter
2020-05-15,50.73,10146.0,ECB via Frankfurter
2020-05-18,50.87,10174.0,ECB via Frankfurter
2020-05-19,50.746,10149.2,ECB via Frankfurter
2020-05-20,50.6,10120.0,ECB via Frankfurter
2020-05-21,50.59,10118.0,ECB via Frankfurter
2020-05-22,50.76,10152.0,ECB via Frankfurter
2020-05-25,50.763,10152.6,ECB via Frankfurter
2020-05-26,50.44,10088.0,ECB via Frankfurter
2020-05-27,50.649,10129.8,ECB via Frankfurter
2020-05-28,50.646,10129.2,ECB via Frankfurter
2020-05-29,50.495,10099.0,ECB via Frankfurter
2020-06-01,50.33,10066.0,ECB via Frankfurter
2020-06-02,50.18,10036.0,ECB via Frankfurter
2020-06-03,49.958,9991.6,ECB via Frankfurter
2020-06-04,49.875,9975.0,ECB via Frankfurter
2020-06-05,49.83,9966.0,ECB via Frankfurter
2020-06-08,49.89,9978.0,ECB via Frankfurter
2020-06-09,50.045,10009.0,ECB via Frankfurter
2020-06-10,49.905,9981.0,ECB via Frankfurter
2020-06-11,50.131,10026.2,ECB via Frankfurter
2020-06-12,50.215,10043.0,ECB via Frankfurter
2020-06-15,50.345,10069.0,ECB via Frankfurter
2020-06-16,50.11,10022.0,ECB via Frankfurter
2020-06-17,50.101,10020.2,ECB via Frankfurter
2020-06-18,50.171,10034.2,ECB via Frankfurter
2020-06-19,50.074,10014.8,ECB via Frankfurter
2020-06-22,50.12,10024.0,ECB via Frankfurter
2020-06-23,50.084,10016.800000000001,ECB via Frankfurter
2020-06-24,50.047,10009.4,ECB via Frankfurter
2020-06-25,50.067,10013.4,ECB via Frankfurter
2020-06-26,49.989,9997.8,ECB via Frankfurter
2020-06-29,49.856,9971.2,ECB via Frankfurter
2020-06-30,49.861,9972.199999999999,ECB via Frankfurter
2020-07-01,49.813,9962.6,ECB via Frankfurter
2020-07-02,49.688,9937.6,ECB via Frankfurter
2020-07-03,49.48,9896.0,ECB via Frankfurter
2020-07-06,49.334,9866.800000000001,ECB via Frankfurter
2020-07-07,49.506,9901.2,ECB via Frankfurter
2020-07-08,49.529,9905.800000000001,ECB via Frankfurter
2020-07-09,49.429,9885.800000000001,ECB via Frankfurter
2020-07-10,49.48,9896.0,ECB via Frankfurter
2020-07-13,49.429,9885.800000000001,ECB via Frankfurter
2020-07-14,49.499,9899.800000000001,ECB via Frankfurter
2020-07-15,49.444,9888.800000000001,ECB via Frankfurter
2020-07-16,49.5,9900.0,ECB via Frankfurter
2020-07-17,49.45,9890.0,ECB via Frankfurter
2020-07-20,49.354,9870.8,ECB via Frankfurter
2020-07-21,49.336,9867.199999999999,ECB via Frankfurter
2020-07-22,49.326,9865.2,ECB via Frankfurter
2020-07-23,49.444,9888.800000000001,ECB via Frankfurter
2020-07-24,49.376,9875.199999999999,ECB via Frankfurter
2020-07-27,49.164,9832.800000000001,ECB via Frankfurter
2020-07-28,49.214,9842.8,ECB via Frankfurter
2020-07-29,49.073,9814.6,ECB via Frankfurter
2020-07-30,49.12,9824.0,ECB via Frankfurter
2020-07-31,49.058,9811.6,ECB via Frankfurter
2020-08-03,49.104,9820.8,ECB via Frankfurter
2020-08-04,49.107,9821.4,ECB via Frankfurter
2020-08-05,49.03,9806.0,ECB via Frankfurter
2020-08-06,49.089,9817.8,ECB via Frankfurter
2020-08-07,49.046,9809.2,ECB via Frankfurter
2020-08-10,49.126,9825.199999999999,ECB via Frankfurter
2020-08-11,48.897,9779.4,ECB via Frankfurter
2020-08-12,48.96,9792.0,ECB via Frankfurter
2020-08-13,48.819,9763.800000000001,ECB via Frankfurter
2020-08-14,48.72,9744.0,ECB via Frankfurter
2020-08-17,48.674,9734.8,ECB via Frankfurter
2020-08-18,48.55,9710.0,ECB via Frankfurter
2020-08-19,48.53,9706.0,ECB via Frankfurter
2020-08-20,48.698,9739.6,ECB via Frankfurter
2020-08-21,48.708,9741.6,ECB via Frankfurter
2020-08-24,48.491,9698.2,ECB via Frankfurter
2020-08-25,48.55,9710.0,ECB via Frankfurter
2020-08-26,48.574,9714.8,ECB via Frankfurter
2020-08-27,48.606,9721.2,ECB via Frankfurter
2020-08-28,48.406,9681.199999999999,ECB via Frankfurter
2020-08-31,48.44,9688.0,ECB via Frankfurter
2020-09-01,48.528,9705.6,ECB via Frankfurter
2020-09-02,48.617,9723.4,ECB via Frankfurter
2020-09-03,48.581,9716.2,ECB via Frankfurter
2020-09-04,48.581,9716.2,ECB via Frankfurter
2020-09-07,48.67,9734.0,ECB via Frankfurter
2020-09-08,48.649,9729.8,ECB via Frankfurter
2020-09-09,48.65,9730.0,ECB via Frankfurter
2020-09-10,48.605,9721.0,ECB via Frankfurter
2020-09-11,48.55,9710.0,ECB via Frankfurter
2020-09-14,48.49,9698.0,ECB via Frankfurter
2020-09-15,48.359,9671.800000000001,ECB via Frankfurter
2020-09-16,48.36,9672.0,ECB via Frankfurter
2020-09-17,48.459,9691.800000000001,ECB via Frankfurter
2020-09-18,48.429,9685.800000000001,ECB via Frankfurter
2020-09-21,48.479,9695.8,ECB via Frankfurter
2020-09-22,48.465,9693.0,ECB via Frankfurter
2020-09-23,48.561,9712.2,ECB via Frankfurter
2020-09-24,48.559,9711.8,ECB via Frankfurter
2020-09-25,48.505,9701.0,ECB via Frankfurter
2020-09-28,48.511,9702.2,ECB via Frankfurter
2020-09-29,48.449,9689.8,ECB via Frankfurter
2020-09-30,48.492,9698.4,ECB via Frankfurter
2020-10-01,48.444,9688.800000000001,ECB via Frankfurter
2020-10-02,48.477,9695.4,ECB via Frankfurter
2020-10-05,48.403,9680.6,ECB via Frankfurter
2020-10-06,48.442,9688.4,ECB via Frankfurter
2020-10-07,48.41,9682.0,ECB via Frankfurter
2020-10-08,48.452,9690.4,ECB via Frankfurter
2020-10-09,48.396,9679.2,ECB via Frankfurter
2020-10-12,48.536,9707.2,ECB via Frankfurter
2020-10-13,48.634,9726.8,ECB via Frankfurter
2020-10-14,48.718,9743.6,ECB via Frankfurter
2020-10-15,48.774,9754.8,ECB via Frankfurter
2020-10-16,48.674,9734.8,ECB via Frankfurter
2020-10-19,48.563,9712.6,ECB via Frankfurter
2020-10-20,48.546,9709.2,ECB via Frankfurter
2020-10-21,48.548,9709.6,ECB via Frankfurter
2020-10-22,48.614,9722.8,ECB via Frankfurter
2020-10-23,48.404,9680.800000000001,ECB via Frankfurter
2020-10-26,48.401,9680.2,ECB via Frankfurter
2020-10-27,48.307,9661.4,ECB via Frankfurter
2020-10-28,48.357,9671.4,ECB via Frankfurter
2020-10-29,48.432,9686.4,ECB via Frankfurter
2020-10-30,48.414,9682.800000000001,ECB via Frankfurter
2020-11-02,48.41,9682.0,ECB via Frankfurter
2020-11-03,48.354,9670.8,ECB via Frankfurter
2020-11-04,48.389,9677.800000000001,ECB via Frankfurter
2020-11-05,48.265,9653.0,ECB via Frankfurter
2020-11-06,48.182,9636.4,ECB via Frankfurter
2020-11-09,48.147,9629.4,ECB via Frankfurter
2020-11-10,48.315,9663.0,ECB via Frankfurter
2020-11-11,48.489,9697.8,ECB via Frankfurter
2020-11-12,48.49,9698.0,ECB via Frankfurter
2020-11-13,48.205,9641.0,ECB via Frankfurter
2020-11-16,48.168,9633.6,ECB via Frankfurter
2020-11-17,48.299,9659.8,ECB via Frankfurter
2020-11-18,48.253,9650.6,ECB via Frankfurter
2020-11-19,48.299,9659.8,ECB via Frankfurter
2020-11-20,48.222,9644.4,ECB via Frankfurter
2020-11-23,48.18,9636.0,ECB via Frankfurter
2020-11-24,48.237,9647.4,ECB via Frankfurter
2020-11-25,48.13,9626.0,ECB via Frankfurter
2020-11-26,48.115,9623.0,ECB via Frankfurter
2020-11-27,48.125,9625.0,ECB via Frankfurter
2020-11-30,48.155,9631.0,ECB via Frankfurter
2020-12-01,48.127,9625.4,ECB via Frankfurter
2020-12-02,48.056,9611.199999999999,ECB via Frankfurter
2020-12-03,47.979,9595.8,ECB via Frankfurter
2020-12-04,48.055,9611.0,ECB via Frankfurter
2020-12-07,48.17,9634.0,ECB via Frankfurter
2020-12-08,48.175,9635.0,ECB via Frankfurter
2020-12-09,48.144,9628.8,ECB via Frankfurter
2020-12-10,48.124,9624.800000000001,ECB via Frankfurter
2020-12-11,48.107,9621.4,ECB via Frankfurter
2020-12-14,48.032,9606.4,ECB via Frankfurter
2020-12-15,48.051,9610.2,ECB via Frankfurter
2020-12-16,48.08,9616.0,ECB via Frankfurter
2020-12-17,48.015,9603.0,ECB via Frankfurter
2020-12-18,48.071,9614.199999999999,ECB via Frankfurter
2020-12-21,48.331,9666.2,ECB via Frankfurter
2020-12-22,48.1,9620.0,ECB via Frankfurter
2020-12-23,48.046,9609.2,ECB via Frankfurter
2020-12-24,48.027,9605.4,ECB via Frankfurter
2020-12-28,48.04,9608.0,ECB via Frankfurter
2020-12-29,48.049,9609.8,ECB via Frankfurter
2020-12-30,48.063,9612.6,ECB via Frankfurter
2020-12-31,48.183,9636.6,ECB via Frankfurter
2021-01-04,48.03,9606.0,ECB via Frankfurter
2021-01-05,48.097,9619.4,ECB via Frankfurter
2021-01-06,48.06,9612.0,ECB via Frankfurter
2021-01-07,48.096,9619.199999999999,ECB via Frankfurter
2021-01-08,48.12,9624.0,ECB via Frankfurter
2021-01-11,48.085,9617.0,ECB via Frankfurter
2021-01-12,48.05,9610.0,ECB via Frankfurter
2021-01-13,48.062,9612.4,ECB via Frankfurter
2021-01-14,48.03,9606.0,ECB via Frankfurter
2021-01-15,48.029,9605.800000000001,ECB via Frankfurter
2021-01-18,48.068,9613.6,ECB via Frankfurter
2021-01-19,48.014,9602.800000000001,ECB via Frankfurter
2021-01-20,48.031,9606.199999999999,ECB via Frankfurter
2021-01-21,48.039,9607.800000000001,ECB via Frankfurter
2021-01-22,48.07,9614.0,ECB via Frankfurter
2021-01-25,48.08,9616.0,ECB via Frankfurter
2021-01-26,48.076,9615.2,ECB via Frankfurter
2021-01-27,48.101,9620.2,ECB via Frankfurter
2021-01-28,48.074,9614.8,ECB via Frankfurter
2021-01-29,48.066,9613.2,ECB via Frankfurter
2021-02-01,48.066,9613.2,ECB via Frankfurter
2021-02-02,47.914,9582.800000000001,ECB via Frankfurter
2021-02-03,48.033,9606.6,ECB via Frankfurter
2021-02-04,48.073,9614.6,ECB via Frankfurter
2021-02-05,48.102,9620.4,ECB via Frankfurter
2021-02-08,48.102,9620.4,ECB via Frankfurter
2021-02-09,48.035,9607.0,ECB via Frankfurter
2021-02-10,48.049,9609.8,ECB via Frankfurter
2021-02-11,48.031,9606.199999999999,ECB via Frankfurter
2021-02-12,48.052,9610.4,ECB via Frankfurter
2021-02-15,47.931,9586.199999999999,ECB via Frankfurter
2021-02-16,48.263,9652.6,ECB via Frankfurter
2021-02-17,48.452,9690.4,ECB via Frankfurter
2021-02-18,48.507,9701.4,ECB via Frankfurter
2021-02-19,48.477,9695.4,ECB via Frankfurter
2021-02-22,48.72,9744.0,ECB via Frankfurter
2021-02-23,48.605,9721.0,ECB via Frankfurter
2021-02-24,48.635,9727.0,ECB via Frankfurter
2021-02-25,48.664,9732.800000000001,ECB via Frankfurter
2021-02-26,48.75,9750.0,ECB via Frankfurter
2021-03-01,48.561,9712.2,ECB via Frankfurter
2021-03-02,48.502,9700.4,ECB via Frankfurter
2021-03-03,48.489,9697.8,ECB via Frankfurter
2021-03-04,48.528,9705.6,ECB via Frankfurter
2021-03-05,48.625,9725.0,ECB via Frankfurter
2021-03-08,48.713,9742.6,ECB via Frankfurter
2021-03-09,48.532,9706.4,ECB via Frankfurter
2021-03-10,48.587,9717.400000000001,ECB via Frankfurter
2021-03-11,48.434,9686.8,ECB via Frankfurter
2021-03-12,48.414,9682.800000000001,ECB via Frankfurter
2021-03-15,48.547,9709.4,ECB via Frankfurter
2021-03-16,48.628,9725.6,ECB via Frankfurter
2021-03-17,48.696,9739.199999999999,ECB via Frankfurter
2021-03-18,48.688,9737.6,ECB via Frankfurter
2021-03-19,48.604,9720.8,ECB via Frankfurter
2021-03-22,48.502,9700.4,ECB via Frankfurter
2021-03-23,48.623,9724.6,ECB via Frankfurter
2021-03-24,48.599,9719.8,ECB via Frankfurter
2021-03-25,48.581,9716.2,ECB via Frankfurter
2021-03-26,48.491,9698.2,ECB via Frankfurter
2021-03-29,48.466,9693.2,ECB via Frankfurter
2021-03-30,48.561,9712.2,ECB via Frankfurter
2021-03-31,48.53,9706.0,ECB via Frankfurter
2021-04-01,48.592,9718.4,ECB via Frankfurter
2021-04-06,48.615,9723.0,ECB via Frankfurter
2021-04-07,48.776,9755.2,ECB via Frankfurter
2021-04-08,48.609,9721.800000000001,ECB via Frankfurter
2021-04-09,48.59,9718.0,ECB via Frankfurter
2021-04-12,48.593,9718.6,ECB via Frankfurter
2021-04-13,48.633,9726.6,ECB via Frankfurter
2021-04-14,48.505,9701.0,ECB via Frankfurter
2021-04-15,48.465,9693.0,ECB via Frankfurter
2021-04-16,48.391,9678.199999999999,ECB via Frankfurter
2021-04-19,48.378,9675.6,ECB via Frankfurter
2021-04-20,48.306,9661.199999999999,ECB via Frankfurter
2021-04-21,48.428,9685.599999999999,ECB via Frankfurter
2021-04-22,48.401,9680.2,ECB via Frankfurter
2021-04-23,48.345,9669.0,ECB via Frankfurter
2021-04-26,48.352,9670.4,ECB via Frankfurter
2021-04-27,48.409,9681.8,ECB via Frankfurter
2021-04-28,48.506,9701.2,ECB via Frankfurter
2021-04-29,48.348,9669.6,ECB via Frankfurter
2021-04-30,48.242,9648.4,ECB via Frankfurter
2021-05-03,48.224,9644.8,ECB via Frankfurter
2021-05-04,48.072,9614.400000000001,ECB via Frankfurter
2021-05-05,48.028,9605.6,ECB via Frankfurter
2021-05-06,47.964,9592.8,ECB via Frankfurter
2021-05-07,47.887,9577.4,ECB via Frankfurter
2021-05-10,47.865,9573.0,ECB via Frankfurter
2021-05-11,47.847,9569.4,ECB via Frankfurter
2021-05-12,47.8,9560.0,ECB via Frankfurter
2021-05-13,47.929,9585.800000000001,ECB via Frankfurter
2021-05-14,47.733,9546.599999999999,ECB via Frankfurter
2021-05-17,47.93,9586.0,ECB via Frankfurter
2021-05-18,47.877,9575.4,ECB via Frankfurter
2021-05-19,47.847,9569.4,ECB via Frankfurter
2021-05-20,47.865,9573.0,ECB via Frankfurter
2021-05-21,47.909,9581.8,ECB via Frankfurter
2021-05-24,48.093,9618.6,ECB via Frankfurter
2021-05-25,48.135,9627.0,ECB via Frankfurter
2021-05-26,48.149,9629.8,ECB via Frankfurter
2021-05-27,48.02,9604.0,ECB via Frankfurter
2021-05-28,47.83,9566.0,ECB via Frankfurter
2021-05-31,47.65,9530.0,ECB via Frankfurter
2021-06-01,47.776,9555.2,ECB via Frankfurter
2021-06-02,47.852,9570.4,ECB via Frankfurter
2021-06-03,47.762,9552.4,ECB via Frankfurter
2021-06-04,47.763,9552.6,ECB via Frankfurter
2021-06-07,47.632,9526.4,ECB via Frankfurter
2021-06-08,47.691,9538.2,ECB via Frankfurter
2021-06-09,47.758,9551.6,ECB via Frankfurter
2021-06-10,47.748,9549.6,ECB via Frankfurter
2021-06-11,47.733,9546.599999999999,ECB via Frankfurter
2021-06-14,47.861,9572.199999999999,ECB via Frankfurter
2021-06-15,48.07,9614.0,ECB via Frankfurter
2021-06-16,48.065,9613.0,ECB via Frankfurter
2021-06-17,48.456,9691.2,ECB via Frankfurter
2021-06-18,48.425,9685.0,ECB via Frankfurter
2021-06-21,48.754,9750.8,ECB via Frankfurter
2021-06-22,48.673,9734.6,ECB via Frankfurter
2021-06-23,48.714,9742.8,ECB via Frankfurter
2021-06-24,48.635,9727.0,ECB via Frankfurter
2021-06-25,48.502,9700.4,ECB via Frankfurter
2021-06-28,48.68,9736.0,ECB via Frankfurter
2021-06-29,48.591,9718.2,ECB via Frankfurter
2021-06-30,48.858,9771.599999999999,ECB via Frankfurter
2021-07-01,49.22,9844.0,ECB via Frankfurter
2021-07-02,49.415,9883.0,ECB via Frankfurter
2021-07-05,49.293,9858.6,ECB via Frankfurter
2021-07-06,49.631,9926.2,ECB via Frankfurter
2021-07-07,49.835,9967.0,ECB via Frankfurter
2021-07-08,50.133,10026.6,ECB via Frankfurter
2021-07-09,50.079,10015.8,ECB via Frankfurter
2021-07-12,50.495,10099.0,ECB via Frankfurter
2021-07-13,50.016,10003.199999999999,ECB via Frankfurter
2021-07-14,50.258,10051.6,ECB via Frankfurter
2021-07-15,50.192,10038.4,ECB via Frankfurter
2021-07-16,50.3,10060.0,ECB via Frankfurter
2021-07-19,50.88,10176.0,ECB via Frankfurter
2021-07-20,50.96,10192.0,ECB via Frankfurter
2021-07-21,50.455,10091.0,ECB via Frankfurter
2021-07-22,50.039,10007.800000000001,ECB via Frankfurter
2021-07-23,50.242,10048.4,ECB via Frankfurter
2021-07-26,50.345,10069.0,ECB via Frankfurter
2021-07-27,50.426,10085.2,ECB via Frankfurter
2021-07-28,50.364,10072.8,ECB via Frankfurter
2021-07-29,50.301,10060.2,ECB via Frankfurter
2021-07-30,50.02,10004.0,ECB via Frankfurter
2021-08-02,49.816,9963.2,ECB via Frankfurter
2021-08-03,49.597,9919.4,ECB via Frankfurter
2021-08-04,49.733,9946.599999999999,ECB via Frankfurter
2021-08-05,50.346,10069.199999999999,ECB via Frankfurter
2021-08-06,50.516,10103.199999999999,ECB via Frankfurter
2021-08-09,50.4,10080.0,ECB via Frankfurter
2021-08-10,50.339,10067.8,ECB via Frankfurter
2021-08-11,50.457,10091.4,ECB via Frankfurter
2021-08-12,50.457,10091.4,ECB via Frankfurter
2021-08-13,50.61,10122.0,ECB via Frankfurter
2021-08-16,50.767,10153.400000000001,ECB via Frankfurter
2021-08-17,50.434,10086.8,ECB via Frankfurter
2021-08-18,50.456,10091.2,ECB via Frankfurter
2021-08-19,50.516,10103.199999999999,ECB via Frankfurter
2021-08-20,50.351,10070.2,ECB via Frankfurter
2021-08-23,50.186,10037.2,ECB via Frankfurter
2021-08-24,50.071,10014.199999999999,ECB via Frankfurter
2021-08-25,49.842,9968.4,ECB via Frankfurter
2021-08-26,49.973,9994.6,ECB via Frankfurter
2021-08-27,49.957,9991.4,ECB via Frankfurter
2021-08-30,49.814,9962.8,ECB via Frankfurter
2021-08-31,49.658,9931.6,ECB via Frankfurter
2021-09-01,50.066,10013.2,ECB via Frankfurter
2021-09-02,49.839,9967.8,ECB via Frankfurter
2021-09-03,49.867,9973.4,ECB via Frankfurter
2021-09-06,49.955,9991.0,ECB via Frankfurter
2021-09-07,50.224,10044.8,ECB via Frankfurter
2021-09-08,50.124,10024.800000000001,ECB via Frankfurter
2021-09-09,49.911,9982.2,ECB via Frankfurter
2021-09-10,49.865,9973.0,ECB via Frankfurter
2021-09-13,49.931,9986.199999999999,ECB via Frankfurter
2021-09-14,49.829,9965.8,ECB via Frankfurter
2021-09-15,49.68,9936.0,ECB via Frankfurter
2021-09-16,49.915,9983.0,ECB via Frankfurter
2021-09-17,49.931,9986.199999999999,ECB via Frankfurter
2021-09-20,50.248,10049.6,ECB via Frankfurter
2021-09-21,50.115,10023.0,ECB via Frankfurter
2021-09-22,50.298,10059.6,ECB via Frankfurter
2021-09-23,50.252,10050.4,ECB via Frankfurter
2021-09-24,50.855,10171.0,ECB via Frankfurter
2021-09-27,51.189,10237.8,ECB via Frankfurter
2021-09-28,51.058,10211.6,ECB via Frankfurter
2021-09-29,50.801,10160.2,ECB via Frankfurter
2021-09-30,51.011,10202.2,ECB via Frankfurter
2021-10-01,50.648,10129.6,ECB via Frankfurter
2021-10-04,50.756,10151.2,ECB via Frankfurter
2021-10-05,50.761,10152.2,ECB via Frankfurter
2021-10-06,50.948,10189.6,ECB via Frankfurter
2021-10-07,50.431,10086.199999999999,ECB via Frankfurter
2021-10-08,50.506,10101.2,ECB via Frankfurter
2021-10-11,50.911,10182.2,ECB via Frankfurter
2021-10-12,50.81,10162.0,ECB via Frankfurter
2021-10-13,50.652,10130.4,ECB via Frankfurter
2021-10-14,50.662,10132.4,ECB via Frankfurter
2021-10-15,50.77,10154.0,ECB via Frankfurter
2021-10-18,50.866,10173.2,ECB via Frankfurter
2021-10-19,50.757,10151.4,ECB via Frankfurter
2021-10-20,50.737,10147.4,ECB via Frankfurter
2021-10-21,50.807,10161.4,ECB via Frankfurter
2021-10-22,50.803,10160.599999999999,ECB via Frankfurter
2021-10-25,50.689,10137.8,ECB via Frankfurter
2021-10-26,50.738,10147.6,ECB via Frankfurter
2021-10-27,50.722,10144.4,ECB via Frankfurter
2021-10-28,50.649,10129.8,ECB via Frankfurter
2021-10-29,50.368,10073.6,ECB via Frankfurter
2021-11-01,50.57,10114.0,ECB via Frankfurter
2021-11-02,50.47,10094.0,ECB via Frankfurter
2021-11-03,50.623,10124.6,ECB via Frankfurter
2021-11-04,50.634,10126.8,ECB via Frankfurter
2021-11-05,50.307,10061.4,ECB via Frankfurter
2021-11-08,50.107,10021.4,ECB via Frankfurter
2021-11-09,50.082,10016.4,ECB via Frankfurter
2021-11-10,50.06,10012.0,ECB via Frankfurter
2021-11-11,50.063,10012.6,ECB via Frankfurter
2021-11-12,49.786,9957.2,ECB via Frankfurter
2021-11-15,50.078,10015.6,ECB via Frankfurter
2021-11-16,50.339,10067.8,ECB via Frankfurter
2021-11-17,50.322,10064.400000000001,ECB via Frankfurter
2021-11-18,50.33,10066.0,ECB via Frankfurter
2021-11-19,50.637,10127.4,ECB via Frankfurter
2021-11-22,50.67,10134.0,ECB via Frankfurter
2021-11-23,50.732,10146.4,ECB via Frankfurter
2021-11-24,50.423,10084.6,ECB via Frankfurter
2021-11-25,50.299,10059.8,ECB via Frankfurter
2021-11-26,50.48,10096.0,ECB via Frankfurter
2021-11-29,50.361,10072.199999999999,ECB via Frankfurter
2021-11-30,50.401,10080.2,ECB via Frankfurter
2021-12-01,50.384,10076.8,ECB via Frankfurter
2021-12-02,50.551,10110.2,ECB via Frankfurter
2021-12-03,50.525,10105.0,ECB via Frankfurter
2021-12-06,50.425,10085.0,ECB via Frankfurter
2021-12-07,50.437,10087.4,ECB via Frankfurter
2021-12-08,50.256,10051.2,ECB via Frankfurter
2021-12-09,50.433,10086.6,ECB via Frankfurter
2021-12-10,50.338,10067.6,ECB via Frankfurter
2021-12-13,50.302,10060.4,ECB via Frankfurter
2021-12-14,50.298,10059.6,ECB via Frankfurter
2021-12-15,50.234,10046.800000000001,ECB via Frankfurter
2021-12-16,50.001,10000.199999999999,ECB via Frankfurter
2021-12-17,49.974,9994.8,ECB via Frankfurter
2021-12-20,49.903,9980.6,ECB via Frankfurter
2021-12-21,49.924,9984.8,ECB via Frankfurter
2021-12-22,50.236,10047.199999999999,ECB via Frankfurter
2021-12-23,50.073,10014.6,ECB via Frankfurter
2021-12-24,50.006,10001.2,ECB via Frankfurter
2021-12-27,50.239,10047.8,ECB via Frankfurter
2021-12-28,50.559,10111.8,ECB via Frankfurter
2021-12-29,50.953,10190.6,ECB via Frankfurter
2021-12-30,51.04,10208.0,ECB via Frankfurter
2021-12-31,51.0,10200.0,ECB via Frankfurter
2022-01-03,51.124,10224.800000000001,ECB via Frankfurter
2022-01-04,51.412,10282.4,ECB via Frankfurter
2022-01-05,50.988,10197.6,ECB via Frankfurter
2022-01-06,51.209,10241.800000000001,ECB via Frankfurter
2022-01-07,51.377,10275.4,ECB via Frankfurter
2022-01-10,51.37,10274.0,ECB via Frankfurter
2022-01-11,51.146,10229.2,ECB via Frankfurter
2022-01-12,51.082,10216.4,ECB via Frankfurter
2022-01-13,51.097,10219.4,ECB via Frankfurter
2022-01-14,51.303,10260.599999999999,ECB via Frankfurter
2022-01-17,51.299,10259.8,ECB via Frankfurter
2022-01-18,51.511,10302.2,ECB via Frankfurter
2022-01-19,51.502,10300.4,ECB via Frankfurter
2022-01-20,51.407,10281.4,ECB via Frankfurter
2022-01-21,51.261,10252.2,ECB via Frankfurter
2022-01-24,51.349,10269.8,ECB via Frankfurter
2022-01-25,51.254,10250.8,ECB via Frankfurter
2022-01-26,51.191,10238.2,ECB via Frankfurter
2022-01-27,51.34,10268.0,ECB via Frankfurter
2022-01-28,51.201,10240.2,ECB via Frankfurter
2022-01-31,51.08,10216.0,ECB via Frankfurter
2022-02-01,51.08,10216.0,ECB via Frankfurter
2022-02-02,51.033,10206.6,ECB via Frankfurter
2022-02-03,51.044,10208.8,ECB via Frankfurter
2022-02-04,51.251,10250.199999999999,ECB via Frankfurter
2022-02-07,51.523,10304.6,ECB via Frankfurter
2022-02-08,51.468,10293.6,ECB via Frankfurter
2022-02-09,51.249,10249.800000000001,ECB via Frankfurter
2022-02-10,51.213,10242.6,ECB via Frankfurter
2022-02-11,51.224,10244.8,ECB via Frankfurter
2022-02-14,51.356,10271.2,ECB via Frankfurter
2022-02-15,51.251,10250.199999999999,ECB via Frankfurter
2022-02-16,51.307,10261.4,ECB via Frankfurter
2022-02-17,51.288,10257.599999999999,ECB via Frankfurter
2022-02-18,51.438,10287.6,ECB via Frankfurter
2022-02-21,51.42,10284.0,ECB via Frankfurter
2022-02-22,51.321,10264.199999999999,ECB via Frankfurter
2022-02-23,51.111,10222.199999999999,ECB via Frankfurter
2022-02-24,51.465,10293.0,ECB via Frankfurter
2022-02-25,51.31,10262.0,ECB via Frankfurter
2022-02-28,51.283,10256.6,ECB via Frankfurter
2022-03-01,51.33,10266.0,ECB via Frankfurter
2022-03-02,51.509,10301.8,ECB via Frankfurter
2022-03-03,51.727,10345.4,ECB via Frankfurter
2022-03-04,51.985,10397.0,ECB via Frankfurter
2022-03-07,52.163,10432.599999999999,ECB via Frankfurter
2022-03-08,52.24,10448.0,ECB via Frankfurter
2022-03-09,52.087,10417.400000000001,ECB via Frankfurter
2022-03-10,52.17,10434.0,ECB via Frankfurter
2022-03-11,52.285,10457.0,ECB via Frankfurter
2022-03-14,52.37,10474.0,ECB via Frankfurter
2022-03-15,52.348,10469.6,ECB via Frankfurter
2022-03-16,52.24,10448.0,ECB via Frankfurter
2022-03-17,52.203,10440.6,ECB via Frankfurter
2022-03-18,52.346,10469.199999999999,ECB via Frankfurter
2022-03-21,52.38,10476.0,ECB via Frankfurter
2022-03-22,52.385,10477.0,ECB via Frankfurter
2022-03-23,52.403,10480.6,ECB via Frankfurter
2022-03-24,52.31,10462.0,ECB via Frankfurter
2022-03-25,52.101,10420.2,ECB via Frankfurter
2022-03-28,52.052,10410.4,ECB via Frankfurter
2022-03-29,51.964,10392.8,ECB via Frankfurter
2022-03-30,52.046,10409.2,ECB via Frankfurter
2022-03-31,51.81,10362.0,ECB via Frankfurter
2022-04-01,51.65,10330.0,ECB via Frankfurter
2022-04-04,51.359,10271.800000000001,ECB via Frankfurter
2022-04-05,51.23,10246.0,ECB via Frankfurter
2022-04-06,51.421,10284.2,ECB via Frankfurter
2022-04-07,51.405,10281.0,ECB via Frankfurter
2022-04-08,51.551,10310.2,ECB via Frankfurter
2022-04-11,52.067,10413.4,ECB via Frankfurter
2022-04-12,52.089,10417.8,ECB via Frankfurter
2022-04-13,52.139,10427.800000000001,ECB via Frankfurter
2022-04-14,52.178,10435.599999999999,ECB via Frankfurter
2022-04-19,52.47,10494.0,ECB via Frankfurter
2022-04-20,52.398,10479.6,ECB via Frankfurter
2022-04-21,52.43,10486.0,ECB via Frankfurter
2022-04-22,52.437,10487.4,ECB via Frankfurter
2022-04-25,52.353,10470.6,ECB via Frankfurter
2022-04-26,52.165,10433.0,ECB via Frankfurter
2022-04-27,52.154,10430.800000000001,ECB via Frankfurter
2022-04-28,52.308,10461.6,ECB via Frankfurter
2022-04-29,52.372,10474.4,ECB via Frankfurter
2022-05-02,52.479,10495.8,ECB via Frankfurter
2022-05-03,52.534,10506.8,ECB via Frankfurter
2022-05-04,52.474,10494.8,ECB via Frankfurter
2022-05-05,52.388,10477.6,ECB via Frankfurter
2022-05-06,52.476,10495.2,ECB via Frankfurter
2022-05-09,52.723,10544.6,ECB via Frankfurter
2022-05-10,52.387,10477.4,ECB via Frankfurter
2022-05-11,52.11,10422.0,ECB via Frankfurter
2022-05-12,52.449,10489.8,ECB via Frankfurter
2022-05-13,52.43,10486.0,ECB via Frankfurter
2022-05-16,52.49,10498.0,ECB via Frankfurter
2022-05-17,52.307,10461.4,ECB via Frankfurter
2022-05-18,52.34,10468.0,ECB via Frankfurter
2022-05-19,52.39,10478.0,ECB via Frankfurter
2022-05-20,52.171,10434.2,ECB via Frankfurter
2022-05-23,52.243,10448.6,ECB via Frankfurter
2022-05-24,52.381,10476.2,ECB via Frankfurter
2022-05-25,52.353,10470.6,ECB via Frankfurter
2022-05-26,52.328,10465.6,ECB via Frankfurter
2022-05-27,52.248,10449.6,ECB via Frankfurter
2022-05-30,52.324,10464.8,ECB via Frankfurter
2022-05-31,52.574,10514.8,ECB via Frankfurter
2022-06-01,52.448,10489.6,ECB via Frankfurter
2022-06-02,52.812,10562.4,ECB via Frankfurter
2022-06-03,52.878,10575.6,ECB via Frankfurter
2022-06-06,52.834,10566.800000000001,ECB via Frankfurter
2022-06-07,52.918,10583.6,ECB via Frankfurter
2022-06-08,52.89,10578.0,ECB via Frankfurter
2022-06-09,52.939,10587.8,ECB via Frankfurter
2022-06-10,53.036,10607.2,ECB via Frankfurter
2022-06-13,53.295,10659.0,ECB via Frankfurter
2022-06-14,53.262,10652.4,ECB via Frankfurter
2022-06-15,53.329,10665.8,ECB via Frankfurter
2022-06-16,53.558,10711.6,ECB via Frankfurter
2022-06-17,53.758,10751.6,ECB via Frankfurter
2022-06-20,54.076,10815.2,ECB via Frankfurter
2022-06-21,54.317,10863.4,ECB via Frankfurter
2022-06-22,54.343,10868.6,ECB via Frankfurter
2022-06-23,54.741,10948.2,ECB via Frankfurter
2022-06-24,54.951,10990.2,ECB via Frankfurter
2022-06-27,54.767,10953.400000000001,ECB via Frankfurter
2022-06-28,54.777,10955.4,ECB via Frankfurter
2022-06-29,54.933,10986.6,ECB via Frankfurter
2022-06-30,55.021,11004.2,ECB via Frankfurter
2022-07-01,55.11,11022.0,ECB via Frankfurter
2022-07-04,54.985,10997.0,ECB via Frankfurter
2022-07-05,55.402,11080.4,ECB via Frankfurter
2022-07-06,55.791,11158.199999999999,ECB via Frankfurter
2022-07-07,55.932,11186.4,ECB via Frankfurter
2022-07-08,55.97,11194.0,ECB via Frankfurter
2022-07-11,56.025,11205.0,ECB via Frankfurter
2022-07-12,56.411,11282.2,ECB via Frankfurter
2022-07-13,56.292,11258.4,ECB via Frankfurter
2022-07-14,56.537,11307.4,ECB via Frankfurter
2022-07-15,56.346,11269.199999999999,ECB via Frankfurter
2022-07-18,56.318,11263.6,ECB via Frankfurter
2022-07-19,56.206,11241.2,ECB via Frankfurter
2022-07-20,56.278,11255.6,ECB via Frankfurter
2022-07-21,56.39,11278.0,ECB via Frankfurter
2022-07-22,56.173,11234.6,ECB via Frankfurter
2022-07-25,55.89,11178.0,ECB via Frankfurter
2022-07-26,55.472,11094.4,ECB via Frankfurter
2022-07-27,55.61,11122.0,ECB via Frankfurter
2022-07-28,55.91,11182.0,ECB via Frankfurter
2022-07-29,55.28,11056.0,ECB via Frankfurter
2022-08-01,55.442,11088.4,ECB via Frankfurter
2022-08-02,55.589,11117.8,ECB via Frankfurter
2022-08-03,55.773,11154.6,ECB via Frankfurter
2022-08-04,55.626,11125.199999999999,ECB via Frankfurter
2022-08-05,55.237,11047.4,ECB via Frankfurter
2022-08-08,55.451,11090.2,ECB via Frankfurter
2022-08-09,55.637,11127.4,ECB via Frankfurter
2022-08-10,55.658,11131.6,ECB via Frankfurter
2022-08-11,55.354,11070.8,ECB via Frankfurter
2022-08-12,55.66,11132.0,ECB via Frankfurter
2022-08-15,56.029,11205.800000000001,ECB via Frankfurter
2022-08-16,55.87,11174.0,ECB via Frankfurter
2022-08-17,55.856,11171.2,ECB via Frankfurter
2022-08-18,55.783,11156.6,ECB via Frankfurter
2022-08-19,56.022,11204.4,ECB via Frankfurter
2022-08-22,56.212,11242.400000000001,ECB via Frankfurter
2022-08-23,56.07,11214.0,ECB via Frankfurter
2022-08-24,56.07,11214.0,ECB via Frankfurter
2022-08-25,56.01,11202.0,ECB via Frankfurter
2022-08-26,56.07,11214.0,ECB via Frankfurter
2022-08-29,56.266,11253.199999999999,ECB via Frankfurter
2022-08-30,56.202,11240.4,ECB via Frankfurter
2022-08-31,56.153,11230.6,ECB via Frankfurter
2022-09-01,56.586,11317.199999999999,ECB via Frankfurter
2022-09-02,56.894,11378.8,ECB via Frankfurter
2022-09-05,56.932,11386.4,ECB via Frankfurter
2022-09-06,57.066,11413.2,ECB via Frankfurter
2022-09-07,57.19,11438.0,ECB via Frankfurter
2022-09-08,56.98,11396.0,ECB via Frankfurter
2022-09-09,56.82,11364.0,ECB via Frankfurter
2022-09-12,56.82,11364.0,ECB via Frankfurter
2022-09-13,56.673,11334.6,ECB via Frankfurter
2022-09-14,57.111,11422.199999999999,ECB via Frankfurter
2022-09-15,57.304,11460.800000000001,ECB via Frankfurter
2022-09-16,57.375,11475.0,ECB via Frankfurter
2022-09-19,57.404,11480.800000000001,ECB via Frankfurter
2022-09-20,57.578,11515.6,ECB via Frankfurter
2022-09-21,57.829,11565.8,ECB via Frankfurter
2022-09-22,58.398,11679.6,ECB via Frankfurter
2022-09-23,58.66,11732.0,ECB via Frankfurter
2022-09-26,58.996,11799.2,ECB via Frankfurter
2022-09-27,59.035,11807.0,ECB via Frankfurter
2022-09-28,59.099,11819.8,ECB via Frankfurter
2022-09-29,58.582,11716.4,ECB via Frankfurter
2022-09-30,58.757,11751.4,ECB via Frankfurter
2022-10-03,58.991,11798.2,ECB via Frankfurter
2022-10-04,58.744,11748.8,ECB via Frankfurter
2022-10-05,58.711,11742.199999999999,ECB via Frankfurter
2022-10-06,58.772,11754.4,ECB via Frankfurter
2022-10-07,58.944,11788.800000000001,ECB via Frankfurter
2022-10-10,58.984,11796.800000000001,ECB via Frankfurter
2022-10-11,58.874,11774.800000000001,ECB via Frankfurter
2022-10-12,58.879,11775.8,ECB via Frankfurter
2022-10-13,58.889,11777.800000000001,ECB via Frankfurter
2022-10-14,59.046,11809.2,ECB via Frankfurter
2022-10-17,58.972,11794.4,ECB via Frankfurter
2022-10-18,58.868,11773.6,ECB via Frankfurter
2022-10-19,59.052,11810.4,ECB via Frankfurter
2022-10-20,58.854,11770.8,ECB via Frankfurter
2022-10-21,58.877,11775.4,ECB via Frankfurter
2022-10-24,58.899,11779.8,ECB via Frankfurter
2022-10-25,58.805,11761.0,ECB via Frankfurter
2022-10-26,58.359,11671.800000000001,ECB via Frankfurter
2022-10-27,58.226,11645.2,ECB via Frankfurter
2022-10-28,58.023,11604.6,ECB via Frankfurter
2022-10-31,58.301,11660.2,ECB via Frankfurter
2022-11-01,58.094,11618.800000000001,ECB via Frankfurter
2022-11-02,58.378,11675.6,ECB via Frankfurter
2022-11-03,58.918,11783.6,ECB via Frankfurter
2022-11-04,58.42,11684.0,ECB via Frankfurter
2022-11-07,58.402,11680.4,ECB via Frankfurter
2022-11-08,58.21,11642.0,ECB via Frankfurter
2022-11-09,58.01,11602.0,ECB via Frankfurter
2022-11-10,58.06,11612.0,ECB via Frankfurter
2022-11-11,57.34,11468.0,ECB via Frankfurter
2022-11-14,57.215,11443.0,ECB via Frankfurter
2022-11-15,57.22,11444.0,ECB via Frankfurter
2022-11-16,57.317,11463.4,ECB via Frankfurter
2022-11-17,57.46,11492.0,ECB via Frankfurter
2022-11-18,57.312,11462.4,ECB via Frankfurter
2022-11-21,57.41,11482.0,ECB via Frankfurter
2022-11-22,57.37,11474.0,ECB via Frankfurter
2022-11-23,57.06,11412.0,ECB via Frankfurter
2022-11-24,56.652,11330.4,ECB via Frankfurter
2022-11-25,56.67,11334.0,ECB via Frankfurter
2022-11-28,56.59,11318.0,ECB via Frankfurter
2022-11-29,56.57,11314.0,ECB via Frankfurter
2022-11-30,56.57,11314.0,ECB via Frankfurter
2022-12-01,56.24,11248.0,ECB via Frankfurter
2022-12-02,55.735,11147.0,ECB via Frankfurter
2022-12-05,55.96,11192.0,ECB via Frankfurter
2022-12-06,55.898,11179.6,ECB via Frankfurter
2022-12-07,55.496,11099.2,ECB via Frankfurter
2022-12-08,55.36,11072.0,ECB via Frankfurter
2022-12-09,55.375,11075.0,ECB via Frankfurter
2022-12-12,55.66,11132.0,ECB via Frankfurter
2022-12-13,55.81,11162.0,ECB via Frankfurter
2022-12-14,55.71,11142.0,ECB via Frankfurter
2022-12-15,55.83,11166.0,ECB via Frankfurter
2022-12-16,55.53,11106.0,ECB via Frankfurter
2022-12-19,55.34,11068.0,ECB via Frankfurter
2022-12-20,55.24,11048.0,ECB via Frankfurter
2022-12-21,55.055,11011.0,ECB via Frankfurter
2022-12-22,55.21,11042.0,ECB via Frankfurter
2022-12-23,55.19,11038.0,ECB via Frankfurter
2022-12-27,55.87,11174.0,ECB via Frankfurter
2022-12-28,56.027,11205.4,ECB via Frankfurter
2022-12-29,55.749,11149.800000000001,ECB via Frankfurter
2022-12-30,55.616,11123.2,ECB via Frankfurter
2023-01-02,55.821,11164.199999999999,ECB via Frankfurter
2023-01-03,55.97,11194.0,ECB via Frankfurter
2023-01-04,55.977,11195.4,ECB via Frankfurter
2023-01-05,55.83,11166.0,ECB via Frankfurter
2023-01-06,55.594,11118.800000000001,ECB via Frankfurter
2023-01-09,55.11,11022.0,ECB via Frankfurter
2023-01-10,54.79,10958.0,ECB via Frankfurter
2023-01-11,54.911,10982.2,ECB via Frankfurter
2023-01-12,55.043,11008.6,ECB via Frankfurter
2023-01-13,54.966,10993.2,ECB via Frankfurter
2023-01-16,54.51,10902.0,ECB via Frankfurter
2023-01-17,54.82,10964.0,ECB via Frankfurter
2023-01-18,54.59,10918.0,ECB via Frankfurter
2023-01-19,54.645,10929.0,ECB via Frankfurter
2023-01-20,54.46,10892.0,ECB via Frankfurter
2023-01-23,54.59,10918.0,ECB via Frankfurter
2023-01-24,54.45,10890.0,ECB via Frankfurter
2023-01-25,54.56,10912.0,ECB via Frankfurter
2023-01-26,54.43,10886.0,ECB via Frankfurter
2023-01-27,54.475,10895.0,ECB via Frankfurter
2023-01-30,54.545,10909.0,ECB via Frankfurter
2023-01-31,54.64,10928.0,ECB via Frankfurter
2023-02-01,54.45,10890.0,ECB via Frankfurter
2023-02-02,53.85,10770.0,ECB via Frankfurter
2023-02-03,53.69,10738.0,ECB via Frankfurter
2023-02-06,54.46,10892.0,ECB via Frankfurter
2023-02-07,55.17,11034.0,ECB via Frankfurter
2023-02-08,54.79,10958.0,ECB via Frankfurter
2023-02-09,54.46,10892.0,ECB via Frankfurter
2023-02-10,54.45,10890.0,ECB via Frankfurter
2023-02-13,54.82,10964.0,ECB via Frankfurter
2023-02-14,54.83,10966.0,ECB via Frankfurter
2023-02-15,55.21,11042.0,ECB via Frankfurter
2023-02-16,55.15,11030.0,ECB via Frankfurter
2023-02-17,55.37,11074.0,ECB via Frankfurter
2023-02-20,54.97,10994.0,ECB via Frankfurter
2023-02-21,55.03,11006.0,ECB via Frankfurter
2023-02-22,55.1,11020.0,ECB via Frankfurter
2023-02-23,54.965,10993.0,ECB via Frankfurter
2023-02-24,54.915,10983.0,ECB via Frankfurter
2023-02-27,55.52,11104.0,ECB via Frankfurter
2023-02-28,55.335,11067.0,ECB via Frankfurter
2023-03-01,55.0,11000.0,ECB via Frankfurter
2023-03-02,55.015,11003.0,ECB via Frankfurter
2023-03-03,54.76,10952.0,ECB via Frankfurter
2023-03-06,54.96,10992.0,ECB via Frankfurter
2023-03-07,55.06,11012.0,ECB via Frankfurter
2023-03-08,55.36,11072.0,ECB via Frankfurter
2023-03-09,55.18,11036.0,ECB via Frankfurter
2023-03-10,55.167,11033.4,ECB via Frankfurter
2023-03-13,54.99,10998.0,ECB via Frankfurter
2023-03-14,55.075,11015.0,ECB via Frankfurter
2023-03-15,55.03,11006.0,ECB via Frankfurter
2023-03-16,54.92,10984.0,ECB via Frankfurter
2023-03-17,54.71,10942.0,ECB via Frankfurter
2023-03-20,54.382,10876.4,ECB via Frankfurter
2023-03-21,54.273,10854.6,ECB via Frankfurter
2023-03-22,54.412,10882.4,ECB via Frankfurter
2023-03-23,54.348,10869.6,ECB via Frankfurter
2023-03-24,54.37,10874.0,ECB via Frankfurter
2023-03-27,54.16,10832.0,ECB via Frankfurter
2023-03-28,54.378,10875.6,ECB via Frankfurter
2023-03-29,54.399,10879.8,ECB via Frankfurter
2023-03-30,54.351,10870.2,ECB via Frankfurter
2023-03-31,54.299,10859.8,ECB via Frankfurter
2023-04-03,54.63,10926.0,ECB via Frankfurter
2023-04-04,54.523,10904.6,ECB via Frankfurter
2023-04-05,54.483,10896.599999999999,ECB via Frankfurter
2023-04-06,54.569,10913.800000000001,ECB via Frankfurter
2023-04-11,55.017,11003.400000000001,ECB via Frankfurter
2023-04-12,55.201,11040.2,ECB via Frankfurter
2023-04-13,55.354,11070.8,ECB via Frankfurter
2023-04-14,55.279,11055.800000000001,ECB via Frankfurter
2023-04-17,55.959,11191.800000000001,ECB via Frankfurter
2023-04-18,56.261,11252.2,ECB via Frankfurter
2023-04-19,56.443,11288.6,ECB via Frankfurter
2023-04-20,56.13,11226.0,ECB via Frankfurter
2023-04-21,55.931,11186.199999999999,ECB via Frankfurter
2023-04-24,55.75,11150.0,ECB via Frankfurter
2023-04-25,55.53,11106.0,ECB via Frankfurter
2023-04-26,55.67,11134.0,ECB via Frankfurter
2023-04-27,55.72,11144.0,ECB via Frankfurter
2023-04-28,55.48,11096.0,ECB via Frankfurter
2023-05-02,55.369,11073.8,ECB via Frankfurter
2023-05-03,55.314,11062.8,ECB via Frankfurter
2023-05-04,55.342,11068.4,ECB via Frankfurter
2023-05-05,55.23,11046.0,ECB via Frankfurter
2023-05-08,55.282,11056.4,ECB via Frankfurter
2023-05-09,55.774,11154.8,ECB via Frankfurter
2023-05-10,55.703,11140.6,ECB via Frankfurter
2023-05-11,55.681,11136.199999999999,ECB via Frankfurter
2023-05-12,55.824,11164.8,ECB via Frankfurter
2023-05-15,56.072,11214.400000000001,ECB via Frankfurter
2023-05-16,56.062,11212.4,ECB via Frankfurter
2023-05-17,56.139,11227.800000000001,ECB via Frankfurter
2023-05-18,55.788,11157.599999999999,ECB via Frankfurter
2023-05-19,55.755,11151.0,ECB via Frankfurter
2023-05-22,55.769,11153.8,ECB via Frankfurter
2023-05-23,55.712,11142.400000000001,ECB via Frankfurter
2023-05-24,55.696,11139.199999999999,ECB via Frankfurter
2023-05-25,56.015,11203.0,ECB via Frankfurter
2023-05-26,55.819,11163.800000000001,ECB via Frankfurter
2023-05-29,56.068,11213.6,ECB via Frankfurter
2023-05-30,56.286,11257.2,ECB via Frankfurter
2023-05-31,56.214,11242.8,ECB via Frankfurter
2023-06-01,56.144,11228.8,ECB via Frankfurter
2023-06-02,55.869,11173.8,ECB via Frankfurter
2023-06-05,56.19,11238.0,ECB via Frankfurter
2023-06-06,56.224,11244.8,ECB via Frankfurter
2023-06-07,55.988,11197.6,ECB via Frankfurter
2023-06-08,56.094,11218.800000000001,ECB via Frankfurter
2023-06-09,56.054,11210.800000000001,ECB via Frankfurter
2023-06-12,56.039,11207.800000000001,ECB via Frankfurter
2023-06-13,55.825,11165.0,ECB via Frankfurter
2023-06-14,55.914,11182.800000000001,ECB via Frankfurter
2023-06-15,56.048,11209.6,ECB via Frankfurter
2023-06-16,55.851,11170.2,ECB via Frankfurter
2023-06-19,55.743,11148.6,ECB via Frankfurter
2023-06-20,55.578,11115.6,ECB via Frankfurter
2023-06-21,55.614,11122.8,ECB via Frankfurter
2023-06-22,55.651,11130.2,ECB via Frankfurter
2023-06-23,55.766,11153.199999999999,ECB via Frankfurter
2023-06-26,55.746,11149.2,ECB via Frankfurter
2023-06-27,55.289,11057.800000000001,ECB via Frankfurter
2023-06-28,55.22,11044.0,ECB via Frankfurter
2023-06-29,55.275,11055.0,ECB via Frankfurter
2023-06-30,55.294,11058.8,ECB via Frankfurter
2023-07-03,55.299,11059.8,ECB via Frankfurter
2023-07-04,55.223,11044.6,ECB via Frankfurter
2023-07-05,55.454,11090.8,ECB via Frankfurter
2023-07-06,55.549,11109.8,ECB via Frankfurter
2023-07-07,55.561,11112.2,ECB via Frankfurter
2023-07-10,55.674,11134.8,ECB via Frankfurter
2023-07-11,55.316,11063.2,ECB via Frankfurter
2023-07-12,54.857,10971.4,ECB via Frankfurter
2023-07-13,54.355,10871.0,ECB via Frankfurter
2023-07-14,54.483,10896.599999999999,ECB via Frankfurter
2023-07-17,54.43,10886.0,ECB via Frankfurter
2023-07-18,54.43,10886.0,ECB via Frankfurter
2023-07-19,54.6,10920.0,ECB via Frankfurter
2023-07-20,54.54,10908.0,ECB via Frankfurter
2023-07-21,54.73,10946.0,ECB via Frankfurter
2023-07-24,54.605,10921.0,ECB via Frankfurter
2023-07-25,54.539,10907.800000000001,ECB via Frankfurter
2023-07-26,54.635,10927.0,ECB via Frankfurter
2023-07-27,54.57,10914.0,ECB via Frankfurter
2023-07-28,54.864,10972.8,ECB via Frankfurter
2023-07-31,54.905,10981.0,ECB via Frankfurter
2023-08-01,54.86,10972.0,ECB via Frankfurter
2023-08-02,55.169,11033.8,ECB via Frankfurter
2023-08-03,55.565,11113.0,ECB via Frankfurter
2023-08-04,55.795,11159.0,ECB via Frankfurter
2023-08-07,56.131,11226.2,ECB via Frankfurter
2023-08-08,56.421,11284.2,ECB via Frankfurter
2023-08-09,56.28,11256.0,ECB via Frankfurter
2023-08-10,56.103,11220.6,ECB via Frankfurter
2023-08-11,56.502,11300.4,ECB via Frankfurter
2023-08-14,56.845,11369.0,ECB via Frankfurter
2023-08-15,56.859,11371.800000000001,ECB via Frankfurter
2023-08-16,56.662,11332.4,ECB via Frankfurter
2023-08-17,56.64,11328.0,ECB via Frankfurter
2023-08-18,56.341,11268.2,ECB via Frankfurter
2023-08-21,56.42,11284.0,ECB via Frankfurter
2023-08-22,56.261,11252.2,ECB via Frankfurter
2023-08-23,56.78,11356.0,ECB via Frankfurter
2023-08-24,56.725,11345.0,ECB via Frankfurter
2023-08-25,56.65,11330.0,ECB via Frankfurter
2023-08-28,56.7,11340.0,ECB via Frankfurter
2023-08-29,56.75,11350.0,ECB via Frankfurter
2023-08-30,56.77,11354.0,ECB via Frankfurter
2023-08-31,56.63,11326.0,ECB via Frankfurter
2023-09-01,56.54,11308.0,ECB via Frankfurter
2023-09-04,56.61,11322.0,ECB via Frankfurter
2023-09-05,57.04,11408.0,ECB via Frankfurter
2023-09-06,57.01,11402.0,ECB via Frankfurter
2023-09-07,56.79,11358.0,ECB via Frankfurter
2023-09-08,56.67,11334.0,ECB via Frankfurter
2023-09-11,56.73,11346.0,ECB via Frankfurter
2023-09-12,56.65,11330.0,ECB via Frankfurter
2023-09-13,56.74,11348.0,ECB via Frankfurter
2023-09-14,56.69,11338.0,ECB via Frankfurter
2023-09-15,56.87,11374.0,ECB via Frankfurter
2023-09-18,56.77,11354.0,ECB via Frankfurter
2023-09-19,56.645,11329.0,ECB via Frankfurter
2023-09-20,56.721,11344.199999999999,ECB via Frankfurter
2023-09-21,56.921,11384.2,ECB via Frankfurter
2023-09-22,56.758,11351.6,ECB via Frankfurter
2023-09-25,56.753,11350.6,ECB via Frankfurter
2023-09-26,57.007,11401.4,ECB via Frankfurter
2023-09-27,56.99,11398.0,ECB via Frankfurter
2023-09-28,56.92,11384.0,ECB via Frankfurter
2023-09-29,56.607,11321.4,ECB via Frankfurter
2023-10-02,56.787,11357.4,ECB via Frankfurter
2023-10-03,56.79,11358.0,ECB via Frankfurter
2023-10-04,56.69,11338.0,ECB via Frankfurter
2023-10-05,56.68,11336.0,ECB via Frankfurter
2023-10-06,56.625,11325.0,ECB via Frankfurter
2023-10-09,56.89,11378.0,ECB via Frankfurter
2023-10-10,56.84,11368.0,ECB via Frankfurter
2023-10-11,56.775,11355.0,ECB via Frankfurter
2023-10-12,56.65,11330.0,ECB via Frankfurter
2023-10-13,56.79,11358.0,ECB via Frankfurter
2023-10-16,56.76,11352.0,ECB via Frankfurter
2023-10-17,56.745,11349.0,ECB via Frankfurter
2023-10-18,56.71,11342.0,ECB via Frankfurter
2023-10-19,56.87,11374.0,ECB via Frankfurter
2023-10-20,56.81,11362.0,ECB via Frankfurter
2023-10-23,56.84,11368.0,ECB via Frankfurter
2023-10-24,56.8,11360.0,ECB via Frankfurter
2023-10-25,56.86,11372.0,ECB via Frankfurter
2023-10-26,57.01,11402.0,ECB via Frankfurter
2023-10-27,56.98,11396.0,ECB via Frankfurter
2023-10-30,56.89,11378.0,ECB via Frankfurter
2023-10-31,56.78,11356.0,ECB via Frankfurter
2023-11-01,56.81,11362.0,ECB via Frankfurter
2023-11-02,56.505,11301.0,ECB via Frankfurter
2023-11-03,56.08,11216.0,ECB via Frankfurter
2023-11-06,55.906,11181.199999999999,ECB via Frankfurter
2023-11-07,56.065,11213.0,ECB via Frankfurter
2023-11-08,55.985,11197.0,ECB via Frankfurter
2023-11-09,55.855,11171.0,ECB via Frankfurter
2023-11-10,55.864,11172.8,ECB via Frankfurter
2023-11-13,56.084,11216.800000000001,ECB via Frankfurter
2023-11-14,56.01,11202.0,ECB via Frankfurter
2023-11-15,55.71,11142.0,ECB via Frankfurter
2023-11-16,55.71,11142.0,ECB via Frankfurter
2023-11-17,55.57,11114.0,ECB via Frankfurter
2023-11-20,55.36,11072.0,ECB via Frankfurter
2023-11-21,55.43,11086.0,ECB via Frankfurter
2023-11-22,55.63,11126.0,ECB via Frankfurter
2023-11-23,55.38,11076.0,ECB via Frankfurter
2023-11-24,55.43,11086.0,ECB via Frankfurter
2023-11-27,55.514,11102.800000000001,ECB via Frankfurter
2023-11-28,55.435,11087.0,ECB via Frankfurter
2023-11-29,55.38,11076.0,ECB via Frankfurter
2023-11-30,55.46,11092.0,ECB via Frankfurter
2023-12-01,55.404,11080.800000000001,ECB via Frankfurter
2023-12-04,55.325,11065.0,ECB via Frankfurter
2023-12-05,55.313,11062.6,ECB via Frankfurter
2023-12-06,55.31,11062.0,ECB via Frankfurter
2023-12-07,55.305,11061.0,ECB via Frankfurter
2023-12-08,55.45,11090.0,ECB via Frankfurter
2023-12-11,55.58,11116.0,ECB via Frankfurter
2023-12-12,55.63,11126.0,ECB via Frankfurter
2023-12-13,56.08,11216.0,ECB via Frankfurter
2023-12-14,55.73,11146.0,ECB via Frankfurter
2023-12-15,55.76,11152.0,ECB via Frankfurter
2023-12-18,55.84,11168.0,ECB via Frankfurter
2023-12-19,55.96,11192.0,ECB via Frankfurter
2023-12-20,55.73,11146.0,ECB via Frankfurter
2023-12-21,55.52,11104.0,ECB via Frankfurter
2023-12-22,55.4,11080.0,ECB via Frankfurter
2023-12-27,55.688,11137.6,ECB via Frankfurter
2023-12-28,55.425,11085.0,ECB via Frankfurter
2023-12-29,55.46,11092.0,ECB via Frankfurter
2024-01-02,55.66,11132.0,ECB via Frankfurter
2024-01-03,55.59,11118.0,ECB via Frankfurter
2024-01-04,55.54,11108.0,ECB via Frankfurter
2024-01-05,55.585,11117.0,ECB via Frankfurter
2024-01-08,55.65,11130.0,ECB via Frankfurter
2024-01-09,56.04,11208.0,ECB via Frankfurter
2024-01-10,56.27,11254.0,ECB via Frankfurter
2024-01-11,55.99,11198.0,ECB via Frankfurter
2024-01-12,55.833,11166.6,ECB via Frankfurter
2024-01-15,55.8,11160.0,ECB via Frankfurter
2024-01-16,56.0,11200.0,ECB via Frankfurter
2024-01-17,55.915,11183.0,ECB via Frankfurter
2024-01-18,55.84,11168.0,ECB via Frankfurter
2024-01-19,55.99,11198.0,ECB via Frankfurter
2024-01-22,56.265,11253.0,ECB via Frankfurter
2024-01-23,56.2,11240.0,ECB via Frankfurter
2024-01-24,56.27,11254.0,ECB via Frankfurter
2024-01-25,56.51,11302.0,ECB via Frankfurter
2024-01-26,56.37,11274.0,ECB via Frankfurter
2024-01-29,56.41,11282.0,ECB via Frankfurter
2024-01-30,56.4,11280.0,ECB via Frankfurter
2024-01-31,56.31,11262.0,ECB via Frankfurter
2024-02-01,56.08,11216.0,ECB via Frankfurter
2024-02-02,55.89,11178.0,ECB via Frankfurter
2024-02-05,56.363,11272.6,ECB via Frankfurter
2024-02-06,56.2,11240.0,ECB via Frankfurter
2024-02-07,55.96,11192.0,ECB via Frankfurter
2024-02-08,55.91,11182.0,ECB via Frankfurter
2024-02-09,55.9,11180.0,ECB via Frankfurter
2024-02-12,55.983,11196.599999999999,ECB via Frankfurter
2024-02-13,55.96,11192.0,ECB via Frankfurter
2024-02-14,56.16,11232.0,ECB via Frankfurter
2024-02-15,55.94,11188.0,ECB via Frankfurter
2024-02-16,55.96,11192.0,ECB via Frankfurter
2024-02-19,56.06,11212.0,ECB via Frankfurter
2024-02-20,56.06,11212.0,ECB via Frankfurter
2024-02-21,55.953,11190.6,ECB via Frankfurter
2024-02-22,55.73,11146.0,ECB via Frankfurter
2024-02-23,55.9,11180.0,ECB via Frankfurter
2024-02-26,56.095,11219.0,ECB via Frankfurter
2024-02-27,56.1,11220.0,ECB via Frankfurter
2024-02-28,56.28,11256.0,ECB via Frankfurter
2024-02-29,56.215,11243.0,ECB via Frankfurter
2024-03-01,56.11,11222.0,ECB via Frankfurter
2024-03-04,55.987,11197.4,ECB via Frankfurter
2024-03-05,55.975,11195.0,ECB via Frankfurter
2024-03-06,55.85,11170.0,ECB via Frankfurter
2024-03-07,55.8,11160.0,ECB via Frankfurter
2024-03-08,55.58,11116.0,ECB via Frankfurter
2024-03-11,55.37,11074.0,ECB via Frankfurter
2024-03-12,55.32,11064.0,ECB via Frankfurter
2024-03-13,55.383,11076.6,ECB via Frankfurter
2024-03-14,55.38,11076.0,ECB via Frankfurter
2024-03-15,55.54,11108.0,ECB via Frankfurter
2024-03-18,55.6,11120.0,ECB via Frankfurter
2024-03-19,55.943,11188.6,ECB via Frankfurter
2024-03-20,56.232,11246.4,ECB via Frankfurter
2024-03-21,55.958,11191.6,ECB via Frankfurter
2024-03-22,56.295,11259.0,ECB via Frankfurter
2024-03-25,56.225,11245.0,ECB via Frankfurter
2024-03-26,56.246,11249.2,ECB via Frankfurter
2024-03-27,56.258,11251.6,ECB via Frankfurter
2024-03-28,56.236,11247.199999999999,ECB via Frankfurter
2024-04-02,56.29,11258.0,ECB via Frankfurter
2024-04-03,56.401,11280.2,ECB via Frankfurter
2024-04-04,56.435,11287.0,ECB via Frankfurter
2024-04-05,56.515,11303.0,ECB via Frankfurter
2024-04-08,56.55,11310.0,ECB via Frankfurter
2024-04-09,56.41,11282.0,ECB via Frankfurter
2024-04-10,56.545,11309.0,ECB via Frankfurter
2024-04-11,56.461,11292.199999999999,ECB via Frankfurter
2024-04-12,56.568,11313.6,ECB via Frankfurter
2024-04-15,56.83,11366.0,ECB via Frankfurter
2024-04-16,56.934,11386.8,ECB via Frankfurter
2024-04-17,57.228,11445.6,ECB via Frankfurter
2024-04-18,57.24,11448.0,ECB via Frankfurter
2024-04-19,57.611,11522.199999999999,ECB via Frankfurter
2024-04-22,57.5,11500.0,ECB via Frankfurter
2024-04-23,57.56,11512.0,ECB via Frankfurter
2024-04-24,57.54,11508.0,ECB via Frankfurter
2024-04-25,57.78,11556.0,ECB via Frankfurter
2024-04-26,57.71,11542.0,ECB via Frankfurter
2024-04-29,57.703,11540.6,ECB via Frankfurter
2024-04-30,57.688,11537.6,ECB via Frankfurter
2024-05-02,57.607,11521.4,ECB via Frankfurter
2024-05-03,57.141,11428.199999999999,ECB via Frankfurter
2024-05-06,57.22,11444.0,ECB via Frankfurter
2024-05-07,57.29,11458.0,ECB via Frankfurter
2024-05-08,57.38,11476.0,ECB via Frankfurter
2024-05-09,57.37,11474.0,ECB via Frankfurter
2024-05-10,57.46,11492.0,ECB via Frankfurter
2024-05-13,57.82,11564.0,ECB via Frankfurter
2024-05-14,57.847,11569.4,ECB via Frankfurter
2024-05-15,57.5,11500.0,ECB via Frankfurter
2024-05-16,57.51,11502.0,ECB via Frankfurter
2024-05-17,57.69,11538.0,ECB via Frankfurter
2024-05-20,57.87,11574.0,ECB via Frankfurter
2024-05-21,58.26,11652.0,ECB via Frankfurter
2024-05-22,58.01,11602.0,ECB via Frankfurter
2024-05-23,58.17,11634.0,ECB via Frankfurter
2024-05-24,58.19,11638.0,ECB via Frankfurter
2024-05-27,58.185,11637.0,ECB via Frankfurter
2024-05-28,57.97,11594.0,ECB via Frankfurter
2024-05-29,58.47,11694.0,ECB via Frankfurter
2024-05-30,58.58,11716.0,ECB via Frankfurter
2024-05-31,58.61,11722.0,ECB via Frankfurter
2024-06-03,58.71,11742.0,ECB via Frankfurter
2024-06-04,58.77,11754.0,ECB via Frankfurter
2024-06-05,58.81,11762.0,ECB via Frankfurter
2024-06-06,58.66,11732.0,ECB via Frankfurter
2024-06-07,58.53,11706.0,ECB via Frankfurter
2024-06-10,58.798,11759.6,ECB via Frankfurter
2024-06-11,58.78,11756.0,ECB via Frankfurter
2024-06-12,58.61,11722.0,ECB via Frankfurter
2024-06-13,58.58,11716.0,ECB via Frankfurter
2024-06-14,58.653,11730.6,ECB via Frankfurter
2024-06-17,58.7,11740.0,ECB via Frankfurter
2024-06-18,58.715,11743.0,ECB via Frankfurter
2024-06-19,58.755,11751.0,ECB via Frankfurter
2024-06-20,58.89,11778.0,ECB via Frankfurter
2024-06-21,58.87,11774.0,ECB via Frankfurter
2024-06-24,58.775,11755.0,ECB via Frankfurter
2024-06-25,58.77,11754.0,ECB via Frankfurter
2024-06-26,58.966,11793.2,ECB via Frankfurter
2024-06-27,58.625,11725.0,ECB via Frankfurter
2024-06-28,58.44,11688.0,ECB via Frankfurter
2024-07-01,58.63,11726.0,ECB via Frankfurter
2024-07-02,58.81,11762.0,ECB via Frankfurter
2024-07-03,58.764,11752.800000000001,ECB via Frankfurter
2024-07-04,58.529,11705.800000000001,ECB via Frankfurter
2024-07-05,58.556,11711.199999999999,ECB via Frankfurter
2024-07-08,58.571,11714.199999999999,ECB via Frankfurter
2024-07-09,58.451,11690.2,ECB via Frankfurter
2024-07-10,58.308,11661.6,ECB via Frankfurter
2024-07-11,58.294,11658.8,ECB via Frankfurter
2024-07-12,58.377,11675.4,ECB via Frankfurter
2024-07-15,58.413,11682.599999999999,ECB via Frankfurter
2024-07-16,58.415,11683.0,ECB via Frankfurter
2024-07-17,58.261,11652.2,ECB via Frankfurter
2024-07-18,58.309,11661.8,ECB via Frankfurter
2024-07-19,58.355,11671.0,ECB via Frankfurter
2024-07-22,58.39,11678.0,ECB via Frankfurter
2024-07-23,58.47,11694.0,ECB via Frankfurter
2024-07-24,58.59,11718.0,ECB via Frankfurter
2024-07-25,58.59,11718.0,ECB via Frankfurter
2024-07-26,58.358,11671.599999999999,ECB via Frankfurter
2024-07-29,58.559,11711.8,ECB via Frankfurter
2024-07-30,58.668,11733.6,ECB via Frankfurter
2024-07-31,58.384,11676.8,ECB via Frankfurter
2024-08-01,58.311,11662.2,ECB via Frankfurter
2024-08-02,58.039,11607.800000000001,ECB via Frankfurter
2024-08-05,57.727,11545.4,ECB via Frankfurter
2024-08-06,57.764,11552.800000000001,ECB via Frankfurter
2024-08-07,57.695,11539.0,ECB via Frankfurter
2024-08-08,57.4,11480.0,ECB via Frankfurter
2024-08-09,57.28,11456.0,ECB via Frankfurter
2024-08-12,57.31,11462.0,ECB via Frankfurter
2024-08-13,57.014,11402.800000000001,ECB via Frankfurter
2024-08-14,56.957,11391.4,ECB via Frankfurter
2024-08-15,56.983,11396.599999999999,ECB via Frankfurter
2024-08-16,57.161,11432.2,ECB via Frankfurter
2024-08-19,56.678,11335.599999999999,ECB via Frankfurter
2024-08-20,56.441,11288.2,ECB via Frankfurter
2024-08-21,56.51,11302.0,ECB via Frankfurter
2024-08-22,56.33,11266.0,ECB via Frankfurter
2024-08-23,56.41,11282.0,ECB via Frankfurter
2024-08-26,56.01,11202.0,ECB via Frankfurter
2024-08-27,56.3,11260.0,ECB via Frankfurter
2024-08-28,56.26,11252.0,ECB via Frankfurter
2024-08-29,56.168,11233.6,ECB via Frankfurter
2024-08-30,56.2,11240.0,ECB via Frankfurter
2024-09-02,56.517,11303.400000000001,ECB via Frankfurter
2024-09-03,56.572,11314.400000000001,ECB via Frankfurter
2024-09-04,56.563,11312.6,ECB via Frankfurter
2024-09-05,56.079,11215.8,ECB via Frankfurter
2024-09-06,55.947,11189.400000000001,ECB via Frankfurter
2024-09-09,56.465,11293.0,ECB via Frankfurter
2024-09-10,56.401,11280.2,ECB via Frankfurter
2024-09-11,55.878,11175.6,ECB via Frankfurter
2024-09-12,56.147,11229.4,ECB via Frankfurter
2024-09-13,55.989,11197.8,ECB via Frankfurter
2024-09-16,55.81,11162.0,ECB via Frankfurter
2024-09-17,55.63,11126.0,ECB via Frankfurter
2024-09-18,55.725,11145.0,ECB via Frankfurter
2024-09-19,55.53,11106.0,ECB via Frankfurter
2024-09-20,55.66,11132.0,ECB via Frankfurter
2024-09-23,56.03,11206.0,ECB via Frankfurter
2024-09-24,56.23,11246.0,ECB via Frankfurter
2024-09-25,55.931,11186.199999999999,ECB via Frankfurter
2024-09-26,55.96,11192.0,ECB via Frankfurter
2024-09-27,56.095,11219.0,ECB via Frankfurter
2024-09-30,56.038,11207.599999999999,ECB via Frankfurter
2024-10-01,56.185,11237.0,ECB via Frankfurter
2024-10-02,56.17,11234.0,ECB via Frankfurter
2024-10-03,56.45,11290.0,ECB via Frankfurter
2024-10-04,56.33,11266.0,ECB via Frankfurter
2024-10-07,56.929,11385.800000000001,ECB via Frankfurter
2024-10-08,56.813,11362.6,ECB via Frankfurter
2024-10-09,56.959,11391.800000000001,ECB via Frankfurter
2024-10-10,57.411,11482.2,ECB via Frankfurter
2024-10-11,57.244,11448.8,ECB via Frankfurter
2024-10-14,57.505,11501.0,ECB via Frankfurter
2024-10-15,57.845,11569.0,ECB via Frankfurter
2024-10-16,57.765,11553.0,ECB via Frankfurter
2024-10-17,57.845,11569.0,ECB via Frankfurter
2024-10-18,57.49,11498.0,ECB via Frankfurter
2024-10-21,57.613,11522.6,ECB via Frankfurter
2024-10-22,57.832,11566.4,ECB via Frankfurter
2024-10-23,58.06,11612.0,ECB via Frankfurter
2024-10-24,57.884,11576.8,ECB via Frankfurter
2024-10-25,58.308,11661.6,ECB via Frankfurter
2024-10-28,58.208,11641.6,ECB via Frankfurter
2024-10-29,58.341,11668.2,ECB via Frankfurter
2024-10-30,58.262,11652.4,ECB via Frankfurter
2024-10-31,58.228,11645.6,ECB via Frankfurter
2024-11-01,58.36,11672.0,ECB via Frankfurter
2024-11-04,58.476,11695.2,ECB via Frankfurter
2024-11-05,58.322,11664.400000000001,ECB via Frankfurter
2024-11-06,58.858,11771.599999999999,ECB via Frankfurter
2024-11-07,58.507,11701.4,ECB via Frankfurter
2024-11-08,58.346,11669.199999999999,ECB via Frankfurter
2024-11-11,58.643,11728.6,ECB via Frankfurter
2024-11-12,58.654,11730.800000000001,ECB via Frankfurter
2024-11-13,58.639,11727.800000000001,ECB via Frankfurter
2024-11-14,58.836,11767.199999999999,ECB via Frankfurter
2024-11-15,58.738,11747.6,ECB via Frankfurter
2024-11-18,58.689,11737.8,ECB via Frankfurter
2024-11-19,58.909,11781.8,ECB via Frankfurter
2024-11-20,58.968,11793.6,ECB via Frankfurter
2024-11-21,59.012,11802.4,ECB via Frankfurter
2024-11-22,58.94,11788.0,ECB via Frankfurter
2024-11-25,59.015,11803.0,ECB via Frankfurter
2024-11-26,58.962,11792.400000000001,ECB via Frankfurter
2024-11-27,58.75,11750.0,ECB via Frankfurter
2024-11-28,58.691,11738.2,ECB via Frankfurter
2024-11-29,58.643,11728.6,ECB via Frankfurter
2024-12-02,58.68,11736.0,ECB via Frankfurter
2024-12-03,58.584,11716.800000000001,ECB via Frankfurter
2024-12-04,58.247,11649.4,ECB via Frankfurter
2024-12-05,57.824,11564.8,ECB via Frankfurter
2024-12-06,57.854,11570.8,ECB via Frankfurter
2024-12-09,58.002,11600.4,ECB via Frankfurter
2024-12-10,57.994,11598.8,ECB via Frankfurter
2024-12-11,58.31,11662.0,ECB via Frankfurter
2024-12-12,58.321,11664.199999999999,ECB via Frankfurter
2024-12-13,58.605,11721.0,ECB via Frankfurter
2024-12-16,58.779,11755.800000000001,ECB via Frankfurter
2024-12-17,59.037,11807.4,ECB via Frankfurter
2024-12-18,58.932,11786.4,ECB via Frankfurter
2024-12-19,59.063,11812.6,ECB via Frankfurter
2024-12-20,58.807,11761.4,ECB via Frankfurter
2024-12-23,58.596,11719.199999999999,ECB via Frankfurter
2024-12-24,58.477,11695.4,ECB via Frankfurter
2024-12-27,58.153,11630.6,ECB via Frankfurter
2024-12-30,57.843,11568.6,ECB via Frankfurter
2024-12-31,58.043,11608.6,ECB via Frankfurter
2025-01-02,57.91,11582.0,ECB via Frankfurter
2025-01-03,58.098,11619.6,ECB via Frankfurter
2025-01-06,57.902,11580.4,ECB via Frankfurter
2025-01-07,58.095,11619.0,ECB via Frankfurter
2025-01-08,58.518,11703.6,ECB via Frankfurter
2025-01-09,58.497,11699.4,ECB via Frankfurter
2025-01-10,58.465,11693.0,ECB via Frankfurter
2025-01-13,58.689,11737.8,ECB via Frankfurter
2025-01-14,58.756,11751.2,ECB via Frankfurter
2025-01-15,58.6,11720.0,ECB via Frankfurter
2025-01-16,58.564,11712.8,ECB via Frankfurter
2025-01-17,58.591,11718.2,ECB via Frankfurter
2025-01-20,58.486,11697.199999999999,ECB via Frankfurter
2025-01-21,58.531,11706.199999999999,ECB via Frankfurter
2025-01-22,58.415,11683.0,ECB via Frankfurter
2025-01-23,58.692,11738.4,ECB via Frankfurter
2025-01-24,58.389,11677.800000000001,ECB via Frankfurter
2025-01-27,58.317,11663.4,ECB via Frankfurter
2025-01-28,58.44,11688.0,ECB via Frankfurter
2025-01-29,58.41,11682.0,ECB via Frankfurter
2025-01-30,58.342,11668.4,ECB via Frankfurter
2025-01-31,58.387,11677.4,ECB via Frankfurter
2025-02-03,58.554,11710.800000000001,ECB via Frankfurter
2025-02-04,58.27,11654.0,ECB via Frankfurter
2025-02-05,57.993,11598.6,ECB via Frankfurter
2025-02-06,58.11,11622.0,ECB via Frankfurter
2025-02-07,58.003,11600.6,ECB via Frankfurter
2025-02-10,58.15,11630.0,ECB via Frankfurter
2025-02-11,58.165,11633.0,ECB via Frankfurter
2025-02-12,58.14,11628.0,ECB via Frankfurter
2025-02-13,58.048,11609.6,ECB via Frankfurter
2025-02-14,57.728,11545.6,ECB via Frankfurter
2025-02-17,58.013,11602.6,ECB via Frankfurter
2025-02-18,58.243,11648.6,ECB via Frankfurter
2025-02-19,58.128,11625.6,ECB via Frankfurter
2025-02-20,57.897,11579.4,ECB via Frankfurter
2025-02-21,57.946,11589.199999999999,ECB via Frankfurter
2025-02-24,57.884,11576.8,ECB via Frankfurter
2025-02-25,57.952,11590.4,ECB via Frankfurter
2025-02-26,57.913,11582.599999999999,ECB via Frankfurter
2025-02-27,57.872,11574.4,ECB via Frankfurter
2025-02-28,57.972,11594.4,ECB via Frankfurter
2025-03-03,57.751,11550.199999999999,ECB via Frankfurter
2025-03-04,57.589,11517.8,ECB via Frankfurter
2025-03-05,57.399,11479.8,ECB via Frankfurter
2025-03-06,57.358,11471.599999999999,ECB via Frankfurter
2025-03-07,57.225,11445.0,ECB via Frankfurter
2025-03-10,57.41,11482.0,ECB via Frankfurter
2025-03-11,57.293,11458.6,ECB via Frankfurter
2025-03-12,57.366,11473.2,ECB via Frankfurter
2025-03-13,57.468,11493.6,ECB via Frankfurter
2025-03-14,57.28,11456.0,ECB via Frankfurter
2025-03-17,57.304,11460.800000000001,ECB via Frankfurter
2025-03-18,57.282,11456.4,ECB via Frankfurter
2025-03-19,57.219,11443.800000000001,ECB via Frankfurter
2025-03-20,57.24,11448.0,ECB via Frankfurter
2025-03-21,57.268,11453.6,ECB via Frankfurter
2025-03-24,57.342,11468.4,ECB via Frankfurter
2025-03-25,57.53,11506.0,ECB via Frankfurter
2025-03-26,57.712,11542.400000000001,ECB via Frankfurter
2025-03-27,57.405,11481.0,ECB via Frankfurter
2025-03-28,57.374,11474.800000000001,ECB via Frankfurter
2025-03-31,57.253,11450.6,ECB via Frankfurter
2025-04-01,57.28,11456.0,ECB via Frankfurter
2025-04-02,57.212,11442.400000000001,ECB via Frankfurter
2025-04-03,57.038,11407.599999999999,ECB via Frankfurter
2025-04-04,57.243,11448.6,ECB via Frankfurter
2025-04-07,57.39,11478.0,ECB via Frankfurter
2025-04-08,57.33,11466.0,ECB via Frankfurter
2025-04-09,57.439,11487.8,ECB via Frankfurter
2025-04-10,57.346,11469.199999999999,ECB via Frankfurter
2025-04-11,57.065,11413.0,ECB via Frankfurter
2025-04-14,57.017,11403.400000000001,ECB via Frankfurter
2025-04-15,56.991,11398.2,ECB via Frankfurter
2025-04-16,56.734,11346.800000000001,ECB via Frankfurter
2025-04-17,56.679,11335.800000000001,ECB via Frankfurter
2025-04-22,56.608,11321.599999999999,ECB via Frankfurter
2025-04-23,56.557,11311.4,ECB via Frankfurter
2025-04-24,56.454,11290.8,ECB via Frankfurter
2025-04-25,56.281,11256.199999999999,ECB via Frankfurter
2025-04-28,56.359,11271.800000000001,ECB via Frankfurter
2025-04-29,56.1,11220.0,ECB via Frankfurter
2025-04-30,55.867,11173.4,ECB via Frankfurter
2025-05-02,55.549,11109.8,ECB via Frankfurter
2025-05-05,55.641,11128.199999999999,ECB via Frankfurter
2025-05-06,55.659,11131.8,ECB via Frankfurter
2025-05-07,55.36,11072.0,ECB via Frankfurter
2025-05-08,55.68,11136.0,ECB via Frankfurter
2025-05-09,55.468,11093.6,ECB via Frankfurter
2025-05-12,55.722,11144.4,ECB via Frankfurter
2025-05-13,55.81,11162.0,ECB via Frankfurter
2025-05-14,55.859,11171.800000000001,ECB via Frankfurter
2025-05-15,55.819,11163.800000000001,ECB via Frankfurter
2025-05-16,55.71,11142.0,ECB via Frankfurter
2025-05-19,55.698,11139.6,ECB via Frankfurter
2025-05-20,55.755,11151.0,ECB via Frankfurter
2025-05-21,55.638,11127.6,ECB via Frankfurter
2025-05-22,55.662,11132.4,ECB via Frankfurter
2025-05-23,55.332,11066.4,ECB via Frankfurter
2025-05-26,55.434,11086.8,ECB via Frankfurter
2025-05-27,55.536,11107.2,ECB via Frankfurter
2025-05-28,55.496,11099.2,ECB via Frankfurter
2025-05-29,55.703,11140.6,ECB via Frankfurter
2025-05-30,55.745,11149.0,ECB via Frankfurter
2025-06-02,55.655,11131.0,ECB via Frankfurter
2025-06-03,55.684,11136.8,ECB via Frankfurter
2025-06-04,55.779,11155.800000000001,ECB via Frankfurter
2025-06-05,55.603,11120.6,ECB via Frankfurter
2025-06-06,55.763,11152.6,ECB via Frankfurter
2025-06-09,55.818,11163.6,ECB via Frankfurter
2025-06-10,55.84,11168.0,ECB via Frankfurter
2025-06-11,55.86,11172.0,ECB via Frankfurter
2025-06-12,55.726,11145.2,ECB via Frankfurter
2025-06-13,56.207,11241.4,ECB via Frankfurter
2025-06-16,56.346,11269.199999999999,ECB via Frankfurter
2025-06-17,56.313,11262.6,ECB via Frankfurter
2025-06-18,57.225,11445.0,ECB via Frankfurter
2025-06-19,57.381,11476.2,ECB via Frankfurter
2025-06-20,57.17,11434.0,ECB via Frankfurter
2025-06-23,57.614,11522.8,ECB via Frankfurter
2025-06-24,57.11,11422.0,ECB via Frankfurter
2025-06-25,56.729,11345.8,ECB via Frankfurter
2025-06-26,56.596,11319.199999999999,ECB via Frankfurter
2025-06-27,56.558,11311.6,ECB via Frankfurter
2025-06-30,56.451,11290.2,ECB via Frankfurter
2025-07-01,56.329,11265.8,ECB via Frankfurter
2025-07-02,56.369,11273.8,ECB via Frankfurter
2025-07-03,56.335,11267.0,ECB via Frankfurter
2025-07-04,56.55,11310.0,ECB via Frankfurter
2025-07-07,56.658,11331.6,ECB via Frankfurter
2025-07-08,56.492,11298.4,ECB via Frankfurter
2025-07-09,56.571,11314.199999999999,ECB via Frankfurter
2025-07-10,56.534,11306.8,ECB via Frankfurter
2025-07-11,56.486,11297.199999999999,ECB via Frankfurter
2025-07-14,56.672,11334.4,ECB via Frankfurter
2025-07-15,56.695,11339.0,ECB via Frankfurter
2025-07-16,57.096,11419.199999999999,ECB via Frankfurter
2025-07-17,57.269,11453.8,ECB via Frankfurter
2025-07-18,57.022,11404.4,ECB via Frankfurter
2025-07-21,57.153,11430.6,ECB via Frankfurter
2025-07-22,56.96,11392.0,ECB via Frankfurter
2025-07-23,56.795,11359.0,ECB via Frankfurter
2025-07-24,56.66,11332.0,ECB via Frankfurter
2025-07-25,57.124,11424.800000000001,ECB via Frankfurter
2025-07-28,57.22,11444.0,ECB via Frankfurter
2025-07-29,57.356,11471.2,ECB via Frankfurter
2025-07-30,57.558,11511.6,ECB via Frankfurter
2025-07-31,58.335,11667.0,ECB via Frankfurter
2025-08-01,58.152,11630.4,ECB via Frankfurter
2025-08-04,57.35,11470.0,ECB via Frankfurter
2025-08-05,57.664,11532.800000000001,ECB via Frankfurter
2025-08-06,57.485,11497.0,ECB via Frankfurter
2025-08-07,57.2,11440.0,ECB via Frankfurter
2025-08-08,56.912,11382.4,ECB via Frankfurter
2025-08-11,57.054,11410.800000000001,ECB via Frankfurter
2025-08-12,57.089,11417.8,ECB via Frankfurter
2025-08-13,56.648,11329.6,ECB via Frankfurter
2025-08-14,56.89,11378.0,ECB via Frankfurter
2025-08-15,57.104,11420.8,ECB via Frankfurter
2025-08-18,56.988,11397.6,ECB via Frankfurter
2025-08-19,57.148,11429.6,ECB via Frankfurter
2025-08-20,57.025,11405.0,ECB via Frankfurter
2025-08-21,57.093,11418.6,ECB via Frankfurter
2025-08-22,56.936,11387.2,ECB via Frankfurter
2025-08-25,56.658,11331.6,ECB via Frankfurter
2025-08-26,56.962,11392.400000000001,ECB via Frankfurter
2025-08-27,57.254,11450.8,ECB via Frankfurter
2025-08-28,56.984,11396.800000000001,ECB via Frankfurter
2025-08-29,57.203,11440.6,ECB via Frankfurter
2025-09-01,57.179,11435.800000000001,ECB via Frankfurter
2025-09-02,57.326,11465.2,ECB via Frankfurter
2025-09-03,57.313,11462.6,ECB via Frankfurter
2025-09-04,57.099,11419.8,ECB via Frankfurter
2025-09-05,56.844,11368.800000000001,ECB via Frankfurter
2025-09-08,56.749,11349.800000000001,ECB via Frankfurter
2025-09-09,56.898,11379.6,ECB via Frankfurter
2025-09-10,57.124,11424.800000000001,ECB via Frankfurter
2025-09-11,57.178,11435.599999999999,ECB via Frankfurter
2025-09-12,57.128,11425.6,ECB via Frankfurter
2025-09-15,57.175,11435.0,ECB via Frankfurter
2025-09-16,56.921,11384.2,ECB via Frankfurter
2025-09-17,56.856,11371.2,ECB via Frankfurter
2025-09-18,57.066,11413.2,ECB via Frankfurter
2025-09-19,57.117,11423.4,ECB via Frankfurter
2025-09-22,56.892,11378.400000000001,ECB via Frankfurter
2025-09-23,57.259,11451.8,ECB via Frankfurter
2025-09-24,57.475,11495.0,ECB via Frankfurter
2025-09-25,58.181,11636.199999999999,ECB via Frankfurter
2025-09-26,58.16,11632.0,ECB via Frankfurter
2025-09-29,58.175,11635.0,ECB via Frankfurter
2025-09-30,58.236,11647.199999999999,ECB via Frankfurter
2025-10-01,58.125,11625.0,ECB via Frankfurter
2025-10-02,58.12,11624.0,ECB via Frankfurter
2025-10-03,57.913,11582.599999999999,ECB via Frankfurter
2025-10-06,58.328,11665.6,ECB via Frankfurter
2025-10-07,58.132,11626.4,ECB via Frankfurter
2025-10-08,58.018,11603.6,ECB via Frankfurter
2025-10-09,58.18,11636.0,ECB via Frankfurter
2025-10-10,58.281,11656.199999999999,ECB via Frankfurter
2025-10-13,58.289,11657.800000000001,ECB via Frankfurter
2025-10-14,58.243,11648.6,ECB via Frankfurter
2025-10-15,58.148,11629.6,ECB via Frankfurter
2025-10-16,58.067,11613.4,ECB via Frankfurter
2025-10-17,58.155,11631.0,ECB via Frankfurter
2025-10-20,58.171,11634.2,ECB via Frankfurter
2025-10-21,58.379,11675.8,ECB via Frankfurter
2025-10-22,58.235,11647.0,ECB via Frankfurter
2025-10-23,58.622,11724.4,ECB via Frankfurter
2025-10-24,58.632,11726.4,ECB via Frankfurter
2025-10-27,58.885,11777.0,ECB via Frankfurter
2025-10-28,59.187,11837.4,ECB via Frankfurter
2025-10-29,58.711,11742.199999999999,ECB via Frankfurter
2025-10-30,58.945,11789.0,ECB via Frankfurter
2025-10-31,58.711,11742.199999999999,ECB via Frankfurter
2025-11-03,58.848,11769.6,ECB via Frankfurter
2025-11-04,58.613,11722.6,ECB via Frankfurter
2025-11-05,58.799,11759.8,ECB via Frankfurter
2025-11-06,58.821,11764.199999999999,ECB via Frankfurter
2025-11-07,59.146,11829.2,ECB via Frankfurter
2025-11-10,58.944,11788.800000000001,ECB via Frankfurter
2025-11-11,58.968,11793.6,ECB via Frankfurter
2025-11-12,59.153,11830.6,ECB via Frankfurter
2025-11-13,58.885,11777.0,ECB via Frankfurter
2025-11-14,58.976,11795.2,ECB via Frankfurter
2025-11-17,58.962,11792.400000000001,ECB via Frankfurter
2025-11-18,58.828,11765.6,ECB via Frankfurter
2025-11-19,58.885,11777.0,ECB via Frankfurter
2025-11-20,59.048,11809.6,ECB via Frankfurter
2025-11-21,58.869,11773.8,ECB via Frankfurter
2025-11-24,58.735,11747.0,ECB via Frankfurter
2025-11-25,58.847,11769.4,ECB via Frankfurter
2025-11-26,58.826,11765.2,ECB via Frankfurter
2025-11-27,58.768,11753.6,ECB via Frankfurter
2025-11-28,58.666,11733.199999999999,ECB via Frankfurter
2025-12-01,58.484,11696.800000000001,ECB via Frankfurter
2025-12-02,58.671,11734.2,ECB via Frankfurter
2025-12-03,58.965,11793.0,ECB via Frankfurter
2025-12-04,59.033,11806.6,ECB via Frankfurter
2025-12-05,59.012,11802.4,ECB via Frankfurter
2025-12-08,59.133,11826.6,ECB via Frankfurter
2025-12-09,59.331,11866.2,ECB via Frankfurter
2025-12-10,59.285,11857.0,ECB via Frankfurter
2025-12-11,59.002,11800.4,ECB via Frankfurter
2025-12-12,59.058,11811.6,ECB via Frankfurter
2025-12-15,58.964,11792.8,ECB via Frankfurter
2025-12-16,58.635,11727.0,ECB via Frankfurter
2025-12-17,58.669,11733.8,ECB via Frankfurter
2025-12-18,58.607,11721.4,ECB via Frankfurter
2025-12-19,58.697,11739.400000000001,ECB via Frankfurter
2025-12-22,58.717,11743.4,ECB via Frankfurter
2025-12-23,58.824,11764.8,ECB via Frankfurter
2025-12-24,58.767,11753.400000000001,ECB via Frankfurter
2025-12-29,58.865,11773.0,ECB via Frankfurter
2025-12-30,58.83,11766.0,ECB via Frankfurter
2025-12-31,58.95,11790.0,ECB via Frankfurter
2026-01-02,58.847,11769.4,ECB via Frankfurter
2026-01-05,59.079,11815.8,ECB via Frankfurter
2026-01-06,59.21,11842.0,ECB via Frankfurter
2026-01-07,59.316,11863.2,ECB via Frankfurter
2026-01-08,59.163,11832.599999999999,ECB via Frankfurter
2026-01-09,59.212,11842.400000000001,ECB via Frankfurter
2026-01-12,59.34,11868.0,ECB via Frankfurter
2026-01-13,59.457,11891.4,ECB via Frankfurter
2026-01-14,59.464,11892.8,ECB via Frankfurter
2026-01-15,59.517,11903.400000000001,ECB via Frankfurter
2026-01-16,59.391,11878.199999999999,ECB via Frankfurter
2026-01-19,59.444,11888.800000000001,ECB via Frankfurter
2026-01-20,59.283,11856.6,ECB via Frankfurter
2026-01-21,59.236,11847.199999999999,ECB via Frankfurter
2026-01-22,59.138,11827.6,ECB via Frankfurter
2026-01-23,59.077,11815.4,ECB via Frankfurter
2026-01-26,59.156,11831.199999999999,ECB via Frankfurter
2026-01-27,59.044,11808.8,ECB via Frankfurter
2026-01-28,58.755,11751.0,ECB via Frankfurter
2026-01-29,58.996,11799.2,ECB via Frankfurter
2026-01-30,58.907,11781.4,ECB via Frankfurter
2026-02-02,58.914,11782.800000000001,ECB via Frankfurter
2026-02-03,59.09,11818.0,ECB via Frankfurter
2026-02-04,58.986,11797.199999999999,ECB via Frankfurter
2026-02-05,58.738,11747.6,ECB via Frankfurter
2026-02-06,58.544,11708.8,ECB via Frankfurter
2026-02-09,58.486,11697.199999999999,ECB via Frankfurter
2026-02-10,58.521,11704.2,ECB via Frankfurter
2026-02-11,58.275,11655.0,ECB via Frankfurter
2026-02-12,58.021,11604.2,ECB via Frankfurter
2026-02-13,57.857,11571.4,ECB via Frankfurter
2026-02-16,57.969,11593.800000000001,ECB via Frankfurter
2026-02-17,57.834,11566.800000000001,ECB via Frankfurter
2026-02-18,57.873,11574.6,ECB via Frankfurter
2026-02-19,58.049,11609.8,ECB via Frankfurter
2026-02-20,58.152,11630.4,ECB via Frankfurter
2026-02-23,57.632,11526.4,ECB via Frankfurter
2026-02-24,57.763,11552.6,ECB via Frankfurter
2026-02-25,57.561,11512.2,ECB via Frankfurter
2026-02-26,57.621,11524.2,ECB via Frankfurter
2026-02-27,57.683,11536.6,ECB via Frankfurter
2026-03-02,58.245,11649.0,ECB via Frankfurter
2026-03-03,58.464,11692.8,ECB via Frankfurter
2026-03-04,58.469,11693.800000000001,ECB via Frankfurter
2026-03-05,58.625,11725.0,ECB via Frankfurter
2026-03-06,59.273,11854.6,ECB via Frankfurter
2026-03-09,59.523,11904.6,ECB via Frankfurter
2026-03-10,59.018,11803.6,ECB via Frankfurter
2026-03-11,59.254,11850.8,ECB via Frankfurter
2026-03-12,59.428,11885.599999999999,ECB via Frankfurter
2026-03-13,59.516,11903.199999999999,ECB via Frankfurter
2026-03-16,59.748,11949.6,ECB via Frankfurter
2026-03-17,59.559,11911.8,ECB via Frankfurter
2026-03-18,60.001,12000.199999999999,ECB via Frankfurter
2026-03-19,60.155,12031.0,ECB via Frankfurter
2026-03-20,59.87,11974.0,ECB via Frankfurter
2026-03-23,59.643,11928.6,ECB via Frankfurter
2026-03-24,59.968,11993.6,ECB via Frankfurter
2026-03-25,60.064,12012.8,ECB via Frankfurter
2026-03-26,60.215,12043.0,ECB via Frankfurter
2026-03-27,60.564,12112.8,ECB via Frankfurter
2026-03-30,60.709,12141.800000000001,ECB via Frankfurter
2026-03-31,60.689,12137.8,ECB via Frankfurter
2026-04-01,60.185,12037.0,ECB via Frankfurter
2026-04-02,60.616,12123.2,ECB via Frankfurter
2026-04-07,60.247,12049.4,ECB via Frankfurter
2026-04-08,59.398,11879.6,ECB via Frankfurter
2026-04-09,59.806,11961.199999999999,ECB via Frankfurter
2026-04-10,59.848,11969.6,ECB via Frankfurter
2026-04-13,60.216,12043.2,ECB via Frankfurter
2026-04-14,59.847,11969.4,ECB via Frankfurter
2026-04-15,60.097,12019.4,ECB via Frankfurter
2026-04-16,59.978,11995.6,ECB via Frankfurter
2026-04-17,60.07,12014.0,ECB via Frankfurter
2026-04-20,59.873,11974.6,ECB via Frankfurter
2026-04-21,59.834,11966.800000000001,ECB via Frankfurter
2026-04-22,60.153,12030.6,ECB via Frankfurter
2026-04-23,60.416,12083.199999999999,ECB via Frankfurter
2026-04-24,60.655,12131.0,ECB via Frankfurter
2026-04-27,60.758,12151.6,ECB via Frankfurter
2026-04-28,61.284,12256.8,ECB via Frankfurter
2026-04-29,61.602,12320.4,ECB via Frankfurter
2026-04-30,61.458,12291.6,ECB via Frankfurter
2026-05-04,61.644,12328.8,ECB via Frankfurter
2026-05-05,61.608,12321.599999999999,ECB via Frankfurter
2026-05-06,60.758,12151.6,ECB via Frankfurter
2026-05-07,60.375,12075.0,ECB via Frankfurter
2026-05-08,60.485,12097.0,ECB via Frankfurter
2026-05-11,60.929,12185.800000000001,ECB via Frankfurter
2026-05-12,61.469,12293.800000000001,ECB via Frankfurter
2026-05-13,61.396,12279.2,ECB via Frankfurter
2026-05-14,61.526,12305.2,ECB via Frankfurter
2026-05-15,61.694,12338.800000000001,ECB via Frankfurter
2026-05-18,61.685,12337.0,ECB via Frankfurter
2026-05-19,61.721,12344.199999999999,ECB via Frankfurter
2026-05-20,61.697,12339.400000000001,ECB via Frankfurter
2026-05-21,61.598,12319.6,ECB via Frankfurter
2026-05-22,61.621,12324.2,ECB via Frankfurter
2026-05-25,61.286,12257.2,ECB via Frankfurter
2026-05-26,61.55,12310.0,ECB via Frankfurter
2026-05-27,61.455,12291.0,ECB via Frankfurter
2026-05-28,61.556,12311.199999999999,ECB via Frankfurter
2026-05-29,61.572,12314.400000000001,ECB via Frankfurter
2026-06-01,61.752,12350.4,ECB via Frankfurter
2026-06-02,61.664,12332.800000000001,ECB via Frankfurter
2026-06-03,61.768,12353.6,ECB via Frankfurter
2026-06-04,61.587,12317.400000000001,ECB via Frankfurter
2026-06-05,61.454,12290.8,ECB via Frankfurter
2026-06-08,61.692,12338.4,ECB via Frankfurter
2026-06-09,61.485,12297.0,ECB via Frankfurter
2026-06-10,61.385,12277.0,ECB via Frankfurter
2026-06-11,61.333,12266.6,ECB via Frankfurter
2026-06-12,60.789,12157.800000000001,ECB via Frankfurter
2026-06-15,60.333,12066.6,ECB via Frankfurter
2026-06-16,60.311,12062.2,ECB via Frankfurter
2026-06-17,60.438,12087.6,ECB via Frankfurter
2026-06-18,60.633,12126.6,ECB via Frankfurter
2026-06-19,60.735,12147.0,ECB via Frankfurter
2026-06-22,61.037,12207.4,ECB via Frankfurter
2026-06-23,61.052,12210.4,ECB via Frankfurter
2026-06-24,61.38,12276.0,ECB via Frankfurter
2026-06-25,61.184,12236.8,ECB via Frankfurter
2026-06-26,61.306,12261.199999999999,ECB via Frankfurter
2026-06-29,61.184,12236.8,ECB via Frankfurter
2026-06-30,61.358,12271.599999999999,ECB via Frankfurter
2026-07-01,61.645,12329.0,ECB via Frankfurter
2026-07-02,61.576,12315.2,ECB via Frankfurter
2026-07-03,61.442,12288.4,ECB via Frankfurter
2026-07-06,61.522,12304.4,ECB via Frankfurter
2026-07-07,61.433,12286.6,ECB via Frankfurter
2026-07-08,61.556,12311.199999999999,ECB via Frankfurter
2026-07-09,61.599,12319.8,ECB via Frankfurter
2026-07-10,61.573,12314.6,ECB via Frankfurter
2026-07-13,61.579,12315.8,ECB via Frankfurter
2026-07-14,61.694,12338.800000000001,ECB via Frankfurter
2026-07-15,61.688,12337.6,ECB via Frankfurter
2026-07-16,61.626,12325.199999999999,ECB via Frankfurter
2026-07-17,61.601,12320.2,ECB via Frankfurter
2026-07-20,61.684,12336.8,ECB via Frankfurter
2026-07-21,61.741,12348.2,ECB via Frankfurter
2026-07-22,61.763,12352.6,ECB via Frankfurter
2026-07-23,61.771,12354.2,ECB via Frankfurter
2026-07-24,61.835,12367.0,ECB via Frankfurter
2026-07-27,61.707,12341.4,ECB via Frankfurter
2026-07-28,61.634,12326.8,ECB via Frankfurter
2026-07-29,61.404,12280.800000000001,ECB via Frankfurter
2026-07-30,61.54,12308.0,ECB via Frankfurter
2026-07-31,61.269,12253.8,ECB via Frankfurter
2026-08-03,60.927,12185.4,ECB via Frankfurter
2026-08-04,61.001,12200.199999999999,ECB via Frankfurter
2026-08-05,60.751,12150.199999999999,ECB via Frankfurter
2026-08-06,60.791,12158.199999999999,ECB via Frankfurter
2026-08-07,60.867,12173.4,ECB via Frankfurter
2026-08-10,60.75,12150.0,ECB via Frankfurter
2026-08-11,61.178,12235.599999999999,ECB via Frankfurter
2026-08-12,61.222,12244.4,ECB via Frankfurter
2026-08-13,61.325,12265.0,ECB via Frankfurter
2026-08-14,61.388,12277.6,ECB via Frankfurter
2026-08-17,61.509,12301.8,ECB via Frankfurter
2026-08-18,61.78,12356.0,ECB via Frankfurter
2026-08-19,61.821,12364.199999999999,ECB via Frankfurter
2026-08-20,61.728,12345.6,ECB via Frankfurter
2026-08-21,61.66,12332.0,ECB via Frankfurter
2026-08-24,61.719,12343.800000000001,ECB via Frankfurter
2026-08-25,61.717,12343.4,ECB via Frankfurter
2026-08-26,61.661,12332.2,ECB via Frankfurter
2026-08-27,61.902,12380.4,ECB via Frankfurter
2026-08-28,62.254,12450.8,ECB via Frankfurter
2026-08-31,62.397,12479.4,ECB via Frankfurter
2026-09-01,62.429,12485.800000000001,ECB via Frankfurter
2026-09-02,62.545,12509.0,ECB via Frankfurter
2026-09-03,62.51,12502.0,ECB via Frankfurter
2026-09-04,62.65,12530.0,ECB via Frankfurter
2026-09-07,62.641,12528.199999999999,ECB via Frankfurter
2026-09-08,62.508,12501.6,ECB via Frankfurter
2026-09-09,62.491,12498.2,ECB via Frankfurter
2026-09-10,62.576,12515.2,ECB via Frankfurter
2026-09-11,62.629,12525.8,ECB via Frankfurter
2026-09-14,62.868,12573.6,ECB via Frankfurter
2026-09-15,62.802,12560.4,ECB via Frankfurter
2026-09-16,62.729,12545.8,ECB via Frankfurter
2026-09-17,62.718,12543.6,ECB via Frankfurter
2026-09-18,62.803,12560.599999999999,ECB via Frankfurter
2026-09-21,62.795,12559.0,ECB via Frankfurter
2026-09-22,62.464,12492.8,ECB via Frankfurter
2026-09-23,62.546,12509.2,ECB via Frankfurter
2026-09-24,62.75,12550.0,ECB via Frankfurter
2026-09-25,62.478,12495.6,ECB via Frankfurter
2026-09-28,62.488,12497.6,ECB via Frankfurter
2026-09-29,62.547,12509.4,ECB via Frankfurter
2026-09-30,62.707,12541.4,ECB via Frankfurter
2026-10-01,62.799,12559.8,ECB via Frankfurter
2026-10-02,62.597,12519.4,ECB via Frankfurter
